year,school_name,major_code,major_name,college,planned_enrollment,retest_count,admitted_count,retest_ratio,retest_max_score,retest_min_score,retest_avg_score,retest_politics_avg,retest_english_subject,retest_english_avg,retest_math_subject,retest_math_avg,retest_prof_subject,retest_prof_avg,admitted_max_score,admitted_min_score,admitted_avg_score,admitted_politics_avg,admitted_english_subject,admitted_english_avg,admitted_math_subject,admitted_math_avg,admitted_prof_subject,admitted_prof_avg
2026,清华大学,085400,电子信息01超精密技术,013 精密仪器系,6,8,6,1.33,412.0,333.0,376.9,59.9,201英语一,73.4,301数学一,124.6,822控制工程基础,119.0,412.0,366.0,388.8,,201英语一,,301数学一,,822控制工程基础,,20260818_002109_27考研择校宝典_录取数据表_0815.xlsx
2026,清华大学,085400,电子信息03微系统工程,013 精密仪器系,4,12,6,2.0,412.0,354.0,380.6,62.8,201英语一,70.7,301数学一,124.8,822控制工程基础,122.2,412.0,363.0,386.2,,201英语一,,301数学一,,822控制工程基础,,20260818_002109_27考研择校宝典_录取数据表_0815.xlsx
2026,清华大学,085500,机械,015 车辆与运载学院,3,8,4,2.0,395.0,345.0,371.1,61.5,201英语一,70.4,301数学一,117.6,822控制工程基础,121.6,390.0,356.0,380.2,,201英语一,,301数学一,,822控制工程基础,,20260818_002109_27考研择校宝典_录取数据表_0815.xlsx
2026,清华大学,085800,能源动力,015 车辆与运载学院,2,3,2,1.5,421.0,338.0,379.0,61.0,201英语一,68.0,301数学一,132.0,822控制工程基础,118.0,421.0,378.0,399.5,,201英语一,,301数学一,,822控制工程基础,,20260818_002109_27考研择校宝典_录取数据表_0815.xlsx
2026,清华大学,085400,电子信息07仪器仪表工程,599 深圳国际研究生院,13,16,13,1.23,407.0,372.0,386.8,62.6,201英语一,70.7,301数学一,127.2,822控制工程基础,126.2,407.0,372.0,388.0,,201英语一,,301数学一,,822控制工程基础,,20260818_002109_27考研择校宝典_录取数据表_0815.xlsx
2026,清华大学,085400,电子信息08智能制造,599 深圳国际研究生院,12,26,15,1.73,434.0,370.0,393.4,63.0,201英语一,74.2,301数学一,128.1,822控制工程基础,128.1,434.0,370.0,399.5,,201英语一,,301数学一,,822控制工程基础,,20260818_002109_27考研择校宝典_录取数据表_0815.xlsx
2026,清华大学,085400,电子信息09海洋技术与工程,599 深圳国际研究生院,17,22,18,1.22,423.0,332.0,367.5,60.2,201英语一,66.6,301数学一,120.8,822控制工程基础,119.9,423.0,338.0,374.2,,201英语一,,301数学一,,822控制工程基础,,20260818_002109_27考研择校宝典_录取数据表_0815.xlsx
2026,清华大学,085500,机械 01（全日制）智能制造,599 深圳国际研究生院,21,38,22,1.73,420.0,373.0,392.5,63.6,201英语一,72.4,301数学一,130.2,822控制工程基础,126.2,420.0,374.0,396.5,,201英语一,,301数学一,,822控制工程基础,,20260818_002109_27考研择校宝典_录取数据表_0815.xlsx
2026,清华大学,085500,机械 02（全日制）未来科技与产业项目,599 深圳国际研究生院,2,,,,,,,,201英语一,,301数学一,,822控制工程基础,,,,,,201英语一,,301数学一,,822控制工程基础,,20260818_002109_27考研择校宝典_录取数据表_0815.xlsx
2026,中国科学技术大学,085406,控制工程,210 信息科学技术学院,21,32,24,1.33,417.0,360.0,380.2,65.6,201英语一,73.3,301数学一,130.2,845自动控制理论,111.1,417.0,361.0,382.5,,201英语一,,301数学一,,845自动控制理论,,20260818_002109_27考研择校宝典_录取数据表_0815.xlsx
2026,中国科学技术大学,081100,控制科学与工程,210 信息科学技术学院,9,20,16,1.25,381.0,321.0,354.8,64.0,201英语一,70.0,301数学一,122.2,845自动控制理论,98.5,381.0,329.0,360.5,,201英语一,,301数学一,,845自动控制理论,,20260818_002109_27考研择校宝典_录取数据表_0815.xlsx
2026,中国科学技术大学,085400,电子信息 方向4（安光所，等离子体所、智能所）,168 研究生院科学岛分院,21,,,,,,,,204英语二,,302数学二,,845自动控制理论,,,,,,204英语二,,302数学二,,845自动控制理论,,20260818_002109_27考研择校宝典_录取数据表_0815.xlsx
2026,中国科学技术大学,085400,电子信息02控制工程,218 先进技术研究院,20,35,24,1.45,404.0,331.0,362.3,66.0,201英语一,72.7,301数学一,124.0,845自动控制理论,99.5,404.0,337.0,370.3,,201英语一,,301数学一,,845自动控制理论,,20260818_002109_27考研择校宝典_录取数据表_0815.xlsx
2026,哈尔滨工业大学,081100,控制科学与工程,001 航天学院,1,3,1,3.0,435.0,400.0,414.0,73.0,201英语一/202俄语/203日语,79.0,301数学一,120.0,801控制原理,128.0,400.0,400.0,400.0,,201英语一/202俄语/203日语,,301数学一,,801控制原理,,20260818_002109_27考研择校宝典_录取数据表_0815.xlsx
2026,哈尔滨工业大学,085406,控制工程,001 航天学院,24,73,24,3.04,444.0,395.0,414.0,75.5,201英语一/202俄语/203日语,75.1,301数学一,134.0,801控制原理,129.0,444.0,423.0,431.0,,201英语一/202俄语/203日语,,301数学一,,801控制原理,,20260818_002109_27考研择校宝典_录取数据表_0815.xlsx
2026,哈尔滨工业大学,085406,控制工程,001 航天学院（苏州）,42,25,42,,439.0,396.0,410.0,73.9,201英语一/202俄语/203日语,73.3,301数学一,132.8,801控制原理,130.4,439.0,398.0,413.0,,201英语一/202俄语/203日语,,301数学一,,801控制原理,,20260818_002109_27考研择校宝典_录取数据表_0815.xlsx
2026,哈尔滨工业大学,085406,控制工程,001 航天学院（郑州）,12,3,12,,439.0,406.0,425.0,3.0,201英语一/202俄语/203日语,2.0,301数学一,,801控制原理,,431.0,406.0,418.0,,201英语一/202俄语/203日语,,301数学一,,801控制原理,,20260818_002109_27考研择校宝典_录取数据表_0815.xlsx
2026,哈尔滨工业大学,085406,控制工程,001 航天学院（威海）,9,2,9,,400.0,397.0,398.5,2.0,201英语一/202俄语/203日语,1.0,301数学一,,801控制原理,,397.0,397.0,397.0,,201英语一/202俄语/203日语,,301数学一,,801控制原理,,20260818_002109_27考研择校宝典_录取数据表_0815.xlsx
2026,哈尔滨工业大学,085406,控制工程,001 航天学院（深圳）,22,62,22,2.82,451.0,396.0,415.0,62.0,201英语一,22.0,301数学一,35.4,801控制原理,,451.0,399.0,422.0,,201英语一,,301数学一,,801控制原理,,20260818_002109_27考研择校宝典_录取数据表_0815.xlsx
2026,哈尔滨工业大学,082500,航空宇航科学与技术,001 航天学院,7,1,1,1.0,,,,,201英语一/202俄语/203日语,,301数学一,,807航空宇航力学与控制基础,,,,,,201英语一/202俄语/203日语,,301数学一,,807航空宇航力学与控制基础,,20260818_002109_27考研择校宝典_录取数据表_0815.xlsx
2026,哈尔滨工业大学,085500,机械 12航空航天工程（含飞行器设计、人机与环境工程、航空宇航推进理论与工程、空天飞行器结构与防护四个学科方向）,001 航天学院,17,,,,,,,,201英语一或202俄语或203日语,,301数学一,,807航空宇航力学与控制基础(包括理论力学和自动控制原理，各占50%。),,,,,,201英语一或202俄语或203日语,,301数学一,,807航空宇航力学与控制基础(包括理论力学和自动控制原理，各占50%。),,20260818_002109_27考研择校宝典_录取数据表_0815.xlsx
2026,哈尔滨工业大学,085500,机械 31航天工程（深圳校区）,001 航天学院,15,,,,,,,,201英语一,,301数学一,,807航空宇航力学与控制基础(包括理论力学和自动控制原理，各占50%。),,,,,,201英语一,,301数学一,,807航空宇航力学与控制基础(包括理论力学和自动控制原理，各占50%。),,20260818_002109_27考研择校宝典_录取数据表_0815.xlsx
2026,哈尔滨工业大学,085500,机械 43航空航天工程（郑州基地）,001 航天学院,18,,,,,,,,201英语一或202俄语或203日语,,301数学一,,807航空宇航力学与控制基础(包括理论力学和自动控制原理，各占50%。),,,,,,201英语一或202俄语或203日语,,301数学一,,807航空宇航力学与控制基础(包括理论力学和自动控制原理，各占50%。),,20260818_002109_27考研择校宝典_录取数据表_0815.xlsx
2026,哈尔滨工业大学,085500,机械 62航空航天工程（苏州基地）,001 航天学院,17,,,,,,,,201英语一或202俄语或203日语,,301数学一,,807航空宇航力学与控制基础(包括理论力学和自动控制原理，各占50%。),,,,,,201英语一或202俄语或203日语,,301数学一,,807航空宇航力学与控制基础(包括理论力学和自动控制原理，各占50%。),,20260818_002109_27考研择校宝典_录取数据表_0815.xlsx
2026,哈尔滨工业大学,085406,控制工程,001 航天学院（深圳校企联培）,7,8,6,1.33,433.0,395.0,415.0,75.0,201英语一,75.0,301数学一,134.0,801控制原理,129.0,433.0,395.0,415.0,,201英语一,,301数学一,,801控制原理,,20260818_002109_27考研择校宝典_录取数据表_0815.xlsx
2026,哈尔滨工业大学,085400,电子信息 (70) 控制工程,143 未来工学院,8,2,2,1.0,393.0,389.0,391.0,73.0,201英语一/202俄语/203日语,72.0,301数学一,123.0,801控制原理,122.5,393.0,389.0,391.0,,201英语一/202俄语/203日语,,301数学一,,801控制原理,,20260818_002109_27考研择校宝典_录取数据表_0815.xlsx
2026,哈尔滨工业大学,089902,低空技术与工程 32控制科学与工程,903 哈尔滨工业大学（深圳）,4,5,4,1.25,423.0,363.0,386.0,72.0,201英语一,71.0,301数学一,119.0,801控制原理,123.0,423.0,380.0,392.0,,201英语一,,301数学一,,801控制原理,,20260818_002109_27考研择校宝典_录取数据表_0815.xlsx
2026,上海交通大学,080400,仪器科学与技术,032 自动化与感知学院,4,6,4,1.5,390.0,356.0,367.17,66.17,201英语一,71.33,301数学一,106.67,817自动控制原理,123.0,390.0,356.0,369.5,,201英语一,,301数学一,,817自动控制原理,,20260818_002109_27考研择校宝典_录取数据表_0815.xlsx
2026,上海交通大学,081100,控制科学与工程,032 自动化与感知学院,8,13,11,1.18,412.0,373.0,383.77,67.31,201英语一,76.77,301数学一,131.08,816自动控制理论,108.62,412.0,373.0,384.73,,201英语一,,301数学一,,816自动控制理论,,20260818_002109_27考研择校宝典_录取数据表_0815.xlsx
2026,上海交通大学,085400,电子信息01控制工程,032 自动化与感知学院,128,52,37,1.41,417.0,367.0,387.25,64.9,201英语一,76.5,301数学一,134.2,816自动控制理论,111.7,417.0,368.0,390.97,,201英语一,,301数学一,,816自动控制理论,,20260818_002109_27考研择校宝典_录取数据表_0815.xlsx
2026,上海交通大学,085400,电子信息02控制工程,032 自动化与感知学院(四川研究院）,128,4,4,1.0,396.0,369.0,384.75,63.5,201英语一,79.0,301数学一,133.75,816自动控制理论,108.5,396.0,369.0,384.75,,201英语一,,301数学一,,816自动控制理论,,20260818_002109_27考研择校宝典_录取数据表_0815.xlsx
2026,上海交通大学,085400,电子信息03控制工程,032 自动化与感知学院(中电科联培基地）,128,6,6,1.0,424.0,369.0,392.0,62.83,201英语一,75.17,301数学一,136.17,816自动控制理论,117.83,424.0,369.0,392.0,,201英语一,,301数学一,,816自动控制理论,,20260818_002109_27考研择校宝典_录取数据表_0815.xlsx
2026,上海交通大学,085400,电子信息04控制工程,032 自动化与感知学院(宁波研究院),128,17,17,1.0,421.0,369.0,386.94,63.6,201英语一,76.4,301数学一,132.4,816自动控制理论,114.6,421.0,369.0,386.94,,201英语一,,301数学一,,816自动控制理论,,20260818_002109_27考研择校宝典_录取数据表_0815.xlsx
2026,上海交通大学,085400,电子信息05控制工程,032 自动化与感知学院(海南专项),128,1,1,1.0,,,,,201英语一,,301数学一,,816自动控制理论,,,,,,201英语一,,301数学一,,816自动控制理论,,20260818_002109_27考研择校宝典_录取数据表_0815.xlsx
2026,上海交通大学,085400,电子信息06控制工程,032 自动化与感知学院(苏州智研院),128,5,5,1.0,395.0,371.0,379.8,64.8,201英语一,73.6,301数学一,128.6,816自动控制理论,112.8,395.0,371.0,379.8,,201英语一,,301数学一,,816自动控制理论,,20260818_002109_27考研择校宝典_录取数据表_0815.xlsx
2026,上海交通大学,085400,电子信息07控制工程,032 自动化与感知学院(卫星工程研究所),128,4,4,1.0,394.0,369.0,379.0,64.5,201英语一,69.5,301数学一,130.5,816自动控制理论,114.5,394.0,369.0,379.0,,201英语一,,301数学一,,816自动控制理论,,20260818_002109_27考研择校宝典_录取数据表_0815.xlsx
2026,上海交通大学,085400,电子信息08智能感知工程,032 自动化与感知学院(智能感知工程）,128,49,39,1.26,432.0,337.0,375.24,63.8,201英语一,71.6,301数学一,114.8,817自动控制理论,125.0,432.0,343.0,379.59,,201英语一,,301数学一,,817自动控制理论,,20260818_002109_27考研择校宝典_录取数据表_0815.xlsx
2026,上海交通大学,085400,电子信息11智能感知工程,032 自动化与感知学院(智能感知工程(中电科联培基地)),128,5,5,1.0,404.0,341.0,367.4,63.6,201英语一,66.0,301数学一,112.4,817自动控制理论,125.4,404.0,341.0,367.4,,201英语一,,301数学一,,817自动控制理论,,20260818_002109_27考研择校宝典_录取数据表_0815.xlsx
2026,上海交通大学,085400,电子信息13智能感知工程,032 自动化与感知学院(智能感知工程(苏州智研院)),128,1,0,,,,,,201英语一,,301数学一,,817自动控制理论,,,,,,201英语一,,301数学一,,817自动控制理论,,20260818_002109_27考研择校宝典_录取数据表_0815.xlsx
2026,上海交通大学,085400,电子信息15智能感知工程,032 自动化与感知学院(智能感知工程(贵州联培基地)),128,8,5,1.6,391.0,340.0,372.0,65.375,201英语一,66.25,301数学一,115.375,817自动控制理论,125.0,391.0,372.0,382.4,,201英语一,,301数学一,,817自动控制理论,,20260818_002109_27考研择校宝典_录取数据表_0815.xlsx
2026,上海交通大学,085400,电子信息16智能感知工程,032 自动化与感知学院(智能感知工程(卫星工程研究所),128,0,0,,,,,,201英语一,,301数学一,,817自动控制理论,,,,,,201英语一,,301数学一,,817自动控制理论,,20260818_002109_27考研择校宝典_录取数据表_0815.xlsx
2026,上海交通大学,085400,电子信息17智能感知工程,032 自动化与感知学院(智能感知工程(四川研究院),128,1,1,1.0,370.0,370.0,370.0,,201英语一,,301数学一,,817自动控制理论,,,,,,201英语一,,301数学一,,817自动控制理论,,20260818_002109_27考研择校宝典_录取数据表_0815.xlsx
2026,上海交通大学,085400,电子信息,082 生物医学工程学院,23,23,,,405.0,322.0,363.48,65.0,201英语一,75.4,301数学一,120.1,816自动控制理论,103.0,,,,,201英语一,,301数学一,,816自动控制理论,,20260818_002109_27考研择校宝典_录取数据表_0815.xlsx
2026,上海交通大学,082500,航空宇航科学与技术,413 航空航天学院,42,1,1,1.0,,,,,201英语一,,301数学一,,861控制工程基础,,,,,,201英语一,,301数学一,,861控制工程基础,,20260818_002109_27考研择校宝典_录取数据表_0815.xlsx
2026,上海交通大学,085500,机械,413 航空航天学院,3,49,49,1.0,420.0,317.0,370.0,62.0,201英语一,70.0,301数学一,110.0,861控制工程基础,128.0,420.0,317.0,370.0,,201英语一,,301数学一,,861控制工程基础,,20260818_002109_27考研择校宝典_录取数据表_0815.xlsx
2026,上海交通大学,085400,电子信息01控制工程,490 溥渊未来技术学院(联影联培基地）,12,,1,,,,,,201英语一,,301数学一,,816 自动控制理论,,,,,,201英语一,,301数学一,,816 自动控制理论,,20260818_002109_27考研择校宝典_录取数据表_0815.xlsx
2026,上海交通大学,085400,电子信息02控制工程,490 溥渊未来技术学院(宁德时代联培基地),12,,7,,,,,,201英语一,,301数学一,,816 自动控制理论,,,,,,201英语一,,301数学一,,816 自动控制理论,,20260818_002109_27考研择校宝典_录取数据表_0815.xlsx
2026,上海交通大学,085400,电子信息03控制工程,490 溥渊未来技术学院,12,,2,,,,,,201英语一,,301数学一,,816 自动控制理论,,,,,,201英语一,,301数学一,,816 自动控制理论,,20260818_002109_27考研择校宝典_录取数据表_0815.xlsx
2026,北京航空航天大学,081100,控制科学与工程,003 自动化科学与电气工程学院,39,53,39,1.36,434.0,365.0,387.0,61.0,201英语一,72.0,301数学一,125.0,833控制工程综合,128.0,434.0,365.0,391.0,,201英语一,,301数学一,,833控制工程综合,,20260818_002109_27考研择校宝典_录取数据表_0815.xlsx
2026,北京航空航天大学,085406,控制工程,003 自动化科学与电气工程学院,81,97,81,1.2,445.0,365.0,390.0,61.0,201英语一,71.0,301数学一,126.0,833控制工程综合,131.0,445.0,366.0,394.0,,201英语一,,301数学一,,833控制工程综合,,20260818_002109_27考研择校宝典_录取数据表_0815.xlsx
2026,北京航空航天大学,085406,控制工程,015 宇航学院,15,26,17,1.52,434.0,327.0,369.0,58.0,201英语一,66.0,301数学一,119.0,833控制工程综合,125.0,434.0,346.0,377.0,,201英语一,,301数学一,,833控制工程综合,,20260818_002109_27考研择校宝典_录取数据表_0815.xlsx
2026,北京航空航天大学,081100,控制科学与工程,015 宇航学院,4,8,7,1.14,429.0,331.0,382.0,61.0,201英语一,68.0,301数学一,123.0,833控制工程综合,,,,,,201英语一,,301数学一,,833控制工程综合,,20260818_002109_27考研择校宝典_录取数据表_0815.xlsx
2026,北京航空航天大学,085406,控制工程,057 杭州国际创新研究院,10,45,41,1.1,427.0,310.0,355.0,59.0,201英语一,65.0,301数学一,112.0,833控制工程综合,118.0,427.0,325.0,357.0,,201英语一,,301数学一,,833控制工程综合,,20260818_002109_27考研择校宝典_录取数据表_0815.xlsx
2026,北京航空航天大学,085406,控制工程,031 无人系统研究院,6,13,81,1.18,415.0,321.0,363.0,,201英语一,,301数学一,,833控制工程综合,,,,,,201英语一,,301数学一,,833控制工程综合,,20260818_002109_27考研择校宝典_录取数据表_0815.xlsx
2026,北京航空航天大学,089902,无人系统科学与技术,031 无人系统研究院,9,13,11,1.18,,,,,201英语一,,301数学一,,833控制工程综合,,,,,,201英语一,,301数学一,,833控制工程综合,,20260818_002109_27考研择校宝典_录取数据表_0815.xlsx
2026,山东大学,081100,控制科学与工程,044 控制科学与工程学院,2,26,21,1.3,417.0,219.0,368.2,57.7,201英语一,68.6,301数学一,107.9,847自动控制原理,118.4,417.0,219.0,352.8,,201英语一,,301数学一,,847自动控制原理,,20260818_002109_27考研择校宝典_录取数据表_0815.xlsx
2026,山东大学,085406,控制工程,044 控制科学与工程学院,45,80,60,1.33,434.0,281.0,397.3,56.6,204英语二,77.05,302数学二,121.4,847自动控制原理,120.7,434.0,289.0,375.8,,204英语二,,302数学二,,847自动控制原理,,20260818_002109_27考研择校宝典_录取数据表_0815.xlsx
2026,山东大学,085801,电气工程,044 控制科学与工程学院,5,,,,,,,,204英语二,,302数学二,,847自动控制原理,,,,,,204英语二,,302数学二,,847自动控制原理,,20260818_002109_27考研择校宝典_录取数据表_0815.xlsx
2026,山东大学,080804,电力电子与电力传动,044 控制科学与工程学院,2,,,,,,,,201英语一,,301数学一,,847自动控制原理,,,,,,201英语一,,301数学一,,847自动控制原理,,20260818_002109_27考研择校宝典_录取数据表_0815.xlsx
2026,山东大学,085406,控制工程,071 海洋研究院,2,3,3,1.0,390.0,322.0,365.6,,204英语二,,302数学二,,847自动控制原理,,390.0,322.0,365.6,,204英语二,,302数学二,,847自动控制原理,,20260818_002109_27考研择校宝典_录取数据表_0815.xlsx
2026,山东大学,081100,控制科学与工程,086 低空科学与工程学院,1,2,2,1.0,366.0,316.0,341.0,,201英语一,,301数学一,,847自动控制原理,,366.0,316.0,341.0,,201英语一,,301数学一,,847自动控制原理,,20260818_002109_27考研择校宝典_录取数据表_0815.xlsx
2026,山东大学,085406,控制工程,086 低空科学与工程学院,17,38,24,1.58,426.0,379.0,397.3,57.9,204英语二,78.2,302数学二,138.1,847自动控制原理,126.1,426.0,379.0,400.4,,204英语二,,302数学二,,847自动控制原理,,20260818_002109_27考研择校宝典_录取数据表_0815.xlsx
2026,山东大学,089901,低空技术与工程,086 低空科学与工程学院,8,,,,,,,,201英语一,,301数学一,,847自动控制原理,,,,,,201英语一,,301数学一,,847自动控制原理,,20260818_002109_27考研择校宝典_录取数据表_0815.xlsx
2026,山东大学,085406,控制工程,088 空间科学与技术学院,3,2,2,1.0,385.0,354.0,369.5,,204英语二,,302数学二,,847自动控制原理,,385.0,354.0,369.5,,204英语二,,302数学二,,847自动控制原理,,20260818_002109_27考研择校宝典_录取数据表_0815.xlsx
2026,山东大学,085406,控制工程,053 国家卓越工程师学院,1,,,,,,,,204英语二,,302数学二,,847自动控制原理,,,,,,204英语二,,302数学二,,847自动控制原理,,20260818_002109_27考研择校宝典_录取数据表_0815.xlsx
2026,南京大学,08100Z1,控制科学与智能工程,082 机器人与自动化学院,9,8,6,1.33,414.0,350.0,378.1,,201英语一,,301数学一,,847自动控制原理,65.4,414.0,350.0,386.0,,201英语一,,301数学一,,847自动控制原理,,20260818_002109_27考研择校宝典_录取数据表_0815.xlsx
2026,南京大学,085406,控制工程,082 机器人与自动化学院,38,33,29,1.14,430.0,375.0,397.9,66.2,204英语二,82.5,304数学二,135.9,865自动控制原理,113.4,430.0,375.0,397.5,,204英语二,,304数学二,,865自动控制原理,,20260818_002109_27考研择校宝典_录取数据表_0815.xlsx
2026,西安交通大学,081100,控制科学与工程,054 电子与信息学部—自动化科学与工程学院,18,53,22,2.41,421.0,370.0,391.2,65.9,201英语一,70.2,301数学一,131.9,811自动控制理论（含现控）,123.2,421.0,370.0,401.0,,201英语一,,301数学一,,811自动控制理论（含现控）,,20260818_002109_27考研择校宝典_录取数据表_0815.xlsx
2026,西安交通大学,085406,控制工程,054 电子与信息学部—自动化科学与工程学院,58,95,65,1.46,444.0,343.0,411.8,67.3,204英语二,79.6,302 数学二,139.4,871自动控制理论基础（含现控）,125.5,444.0,391.0,418.5,,204英语二,,302 数学二,,871自动控制理论基础（含现控）,,20260818_002109_27考研择校宝典_录取数据表_0815.xlsx
2026,中南大学,140500,智能科学与技术,036 国家卓越工程师学院,15,17,15,1.15,426.0,317.0,382.5,,201英语一,,301数学一,,846自动控制原理（经典控制理论）,,426.0,340.0,389.3,,201英语一,,301数学一,,846自动控制原理（经典控制理论）,,20260818_002109_27考研择校宝典_录取数据表_0815.xlsx
2026,中南大学,082300,交通运输工程,042 交通运输工程学院,8,1,1,1.0,,,,,201英语一,,301数学一,,895自动控制原理（J）,,,,,,201英语一,,301数学一,,895自动控制原理（J）,,20260818_002109_27考研择校宝典_录取数据表_0815.xlsx
2026,中南大学,081100,控制科学与工程,046 自动化学院,30,48,35,1.29,439.0,390.0,405.0,69.5,201英语一,73.3,301数学一,129.7,846自动控制原理（经典控制理论）,132.8,439.0,391.0,409.0,,201英语一,,301数学一,,846自动控制原理（经典控制理论）,,20260818_002109_27考研择校宝典_录取数据表_0815.xlsx
2026,中南大学,085400,电子信息,046 自动化学院,63,65,54,1.25,450.0,405.0,418.9,69.5,204英语二,79.5,302数学二,138.4,846自动控制原理（经典控制理论）,131.4,450.0,405.0,420.1,,204英语二,,302数学二,,846自动控制原理（经典控制理论）,,20260818_002109_27考研择校宝典_录取数据表_0815.xlsx
2026,华中科技大学,081100,控制科学与工程,184 人工智能与自动化学院,6,14,11,1.27,383.0,354.0,369.64,62.36,201英语一,74.0,301数学一,129.57,829自动控制原理（含经典控制理论、现代控制理论）,103.71,383.0,356.0,370.18,,201英语一,,301数学一,,829自动控制原理（含经典控制理论、现代控制理论）,,20260818_002109_27考研择校宝典_录取数据表_0815.xlsx
2026,华中科技大学,085406,控制工程,184 人工智能与自动化学院,75,105,83,1.27,422.0,347.0,381.75,63.35,201英语一,72.62,301数学一,134.64,829自动控制原理（含经典控制理论、现代控制理论）,111.14,422.0,347.0,384.02,,201英语一,,301数学一,,829自动控制原理（含经典控制理论、现代控制理论）,,20260818_002109_27考研择校宝典_录取数据表_0815.xlsx
2026,吉林大学,081100,控制科学与工程,502 通信工程学院,22,15,11,1.36,433.0,346.0,380.73,72.0,201英语一,69.1,301数学一,123.7,812自动控制原理,115.9,433.0,363.0,389.2,,201英语一,,301数学一,,812自动控制原理,,20260818_002109_27考研择校宝典_录取数据表_0815.xlsx
2026,吉林大学,085406,控制工程,502 通信工程学院,29,26,20,1.3,410.0,342.0,377.38,70.0,201英语一,68.2,302数学二,125.8,812自动控制原理,113.3,410.0,342.0,385.2,,201英语一,,302数学二,,812自动控制原理,,20260818_002109_27考研择校宝典_录取数据表_0815.xlsx
2026,吉林大学,085406,控制工程,409 卓越工程师学院(珠海),3,3,3,1.0,367.0,314.0,345.33,67.3,201英语一,56.0,302数学二,118.7,812自动控制原理,103.3,,,,,201英语一,,302数学二,,812自动控制原理,,20260818_002109_27考研择校宝典_录取数据表_0815.xlsx
2026,国防科技大学,081100,控制科学与工程,005 智能科学学院,8,14,8,1.75,438.0,346.0,382.0,69.7,201英语一,71.9,301数学一,116.6,851自动控制原理,124.4,438.0,368.0,389.8,,201英语一,,301数学一,,851自动控制原理,,20260818_002109_27考研择校宝典_录取数据表_0815.xlsx
2026,国防科技大学,085400,电子信息,005 智能科学学院,71,87,71,1.23,432.0,348.0,381.8,69.1,201英语一,69.5,301数学一,119.7,851自动控制原理,123.6,432.0,348.0,387.5,,201英语一,,301数学一,,851自动控制原理,,20260818_002109_27考研择校宝典_录取数据表_0815.xlsx
2026,东北大学,081100,控制科学与工程,005 信息科学与工程学院,67,98,73,1.34,430.0,369.0,392.5,69.1,201英语一,68.6,301数学一,119.4,839自动控制原理及过程控制,135.3,430.0,371.0,398.0,,201英语一,,301数学一,,839自动控制原理及过程控制,,20260818_002109_27考研择校宝典_录取数据表_0815.xlsx
2026,东北大学,081100,控制科学与工程,005 信息科学与工程学院(秦皇岛）,67,6,6,1.0,393.0,376.0,387.7,65.5,201英语一,66.8,301数学一,118.8,839自动控制原理及过程控制,132.5,,,,,201英语一,,301数学一,,839自动控制原理及过程控制,,20260818_002109_27考研择校宝典_录取数据表_0815.xlsx
2026,东北大学,081100,控制科学与工程,005 信息科学与工程学院(工业智能与系统优化交叉学科创新实验班),67,4,9,1.0,415.0,388.0,400.5,,201英语一,,301数学一,,839自动控制原理及过程控制,,415.0,388.0,400.5,,201英语一,,301数学一,,839自动控制原理及过程控制,,20260818_002109_27考研择校宝典_录取数据表_0815.xlsx
2026,东北大学,085406,控制工程,005 信息科学与工程学院,80,102,77,1.32,452.0,300.0,418.5,68.5,204英语二,80.4,302数学二,133.0,839自动控制原理及过程控制,136.7,400.0,399.0,421.7,,204英语二,,302数学二,,839自动控制原理及过程控制,,20260818_002109_27考研择校宝典_录取数据表_0815.xlsx
2026,东北大学,085406,控制工程,005 信息科学与工程学院(秦皇岛）,156,95,85,1.12,457.0,398.0,418.0,68.9,204英语二,79.0,302数学二,133.8,839自动控制原理及过程控制,136.3,457.0,398.0,419.9,,204英语二,,302数学二,,839自动控制原理及过程控制,,20260818_002109_27考研择校宝典_录取数据表_0815.xlsx
2026,东北大学,085406,控制工程,005 信息科学与工程学院(佛山),156,31,21,1.48,440.0,332.0,412.6,67.2,204英语二,79.7,302数学二,131.4,839自动控制原理及过程控制,134.3,440.0,332.0,416.8,,204英语二,,302数学二,,839自动控制原理及过程控制,,20260818_002109_27考研择校宝典_录取数据表_0815.xlsx
2026,东北大学,085406,控制工程,005 信息科学与工程学院(中控),156,6,11,1.0,437.0,406.0,422.0,68.7,204英语二,78.7,302数学二,138.7,839自动控制原理及过程控制,136.2,437.0,406.0,422.0,,204英语二,,302数学二,,839自动控制原理及过程控制,,20260818_002109_27考研择校宝典_录取数据表_0815.xlsx
2026,东北大学,085410,人工智能,005 信息科学与工程学院(佛山),29,6,6,1.0,415.0,388.0,396.7,69.2,204英语二,79.9,302数学二,132.5,839自动控制原理及过程控制,131.1,415.0,388.0,396.7,,204英语二,,302数学二,,839自动控制原理及过程控制,,20260818_002109_27考研择校宝典_录取数据表_0815.xlsx
2026,东北大学,085410,人工智能,005 信息科学与工程学院,29,35,27,1.3,433.0,331.0,408.6,67.8,204英语二,78.9,302数学二,129.8,839自动控制原理及过程控制,132.2,433.0,331.0,413.4,,204英语二,,302数学二,,839自动控制原理及过程控制,,20260818_002109_27考研择校宝典_录取数据表_0815.xlsx
2026,东北大学,085406,控制工程,005 信息科学与工程学院(具身智能),156,12,12,1.0,436.0,401.0,412.7,69.2,204英语二,79.9,302数学二,132.5,839自动控制原理及过程控制,131.1,436.0,401.0,412.7,,204英语二,,302数学二,,839自动控制原理及过程控制,,20260818_002109_27考研择校宝典_录取数据表_0815.xlsx
2026,东北大学,0811J1,机器人科学与工程,019 机器人科学与工程学院,18,23,18,1.28,405.0,337.0,368.1,67.6,201英语一,64.5,301数学一,107.9,839自动控制原理及过程控制,128.0,405.0,341.0,374.7,,201英语一,,301数学一,,839自动控制原理及过程控制,,20260818_002109_27考研择校宝典_录取数据表_0815.xlsx
2026,东北大学,085510,机器人工程,019 机器人科学与工程学院,14,8,5,1.6,446.0,350.0,399.1,69.5,204英语二,76.6,302数学二,123.0,839自动控制原理及过程控制,130.0,446.0,350.0,405.2,,204英语二,,302数学二,,839自动控制原理及过程控制,,20260818_002109_27考研择校宝典_录取数据表_0815.xlsx
2026,东北大学,085510,机器人工程,019 机器人科学与工程学院(佛山),14,10,10,1.0,444.0,382.0,403.7,70.0,204英语二,77.5,302数学二,122.1,839自动控制原理及过程控制,134.1,444.0,382.0,403.7,,204英语二,,302数学二,,839自动控制原理及过程控制,,20260818_002109_27考研择校宝典_录取数据表_0815.xlsx
2026,东北大学,085705,矿业工程,006 资源与土木工程学院,3,7,6,1.28,322.0,302.0,316.1,66.3,204英语二,68.4,302数学二,89.1,839自动控制原理及过程控制,92.3,322.0,312.0,318.5,,204英语二,,302数学二,,839自动控制原理及过程控制,,20260818_002109_27考研择校宝典_录取数据表_0815.xlsx
2026,大连理工大学,081100,控制科学与工程,590 (主校区)控制科学与工程学院,18,43,30,1.43,418.0,317.0,359.19,68.26,201英语一,66.35,301数学一,113.44,854自动控制原理,111.14,418.0,317.0,369.2,,201英语一,,301数学一,,854自动控制原理,,20260818_002109_27考研择校宝典_录取数据表_0815.xlsx
2026,大连理工大学,085406,控制工程,590 (主校区)控制科学与工程学院,94,160,114,1.4,424.0,328.0,364.19,68.29,201英语一,68.66,301数学一,112.88,854自动控制原理,114.38,424.0,328.0,371.48,,201英语一,,301数学一,,854自动控制原理,,20260818_002109_27考研择校宝典_录取数据表_0815.xlsx
2026,大连理工大学,089901,低空技术与工程,560 (主校区)力学与航空航天学院,1,7,7,1.0,388.0,303.0,348.0,66.14,201英语一,60.71,301数学一,109.43,854自动控制原理,111.71,388.0,303.0,348.0,,201英语一,,301数学一,,854自动控制原理,,20260818_002109_27考研择校宝典_录取数据表_0815.xlsx
2026,大连理工大学,080400,仪器科学与技术,420 (主校区)光电工程与仪器科学学院,5,32,19,1.68,423.0,311.0,358.88,66.0,201英语一,65.4,301数学一,100.0,821控制工程基础,127.5,423.0,318.0,368.63,,201英语一,,301数学一,,821控制工程基础,,20260818_002109_27考研择校宝典_录取数据表_0815.xlsx
2026,电子科技大学,081100,控制科学与工程,006 自动化工程学院,30,,34,,,,,64.4,201英语一,75.76,301数学一,126.35,839自动控制原理,120.82,420.0,361.0,387.0,,201英语一,,301数学一,,839自动控制原理,,20260818_002109_27考研择校宝典_录取数据表_0815.xlsx
2026,电子科技大学,085406,控制工程,006 自动化工程学院,27,,42,,,,,64.0,201英语一,74.8,301数学一,122.11,839自动控制原理,124.0,421.0,356.0,384.0,,201英语一,,301数学一,,839自动控制原理,,20260818_002109_27考研择校宝典_录取数据表_0815.xlsx
2026,电子科技大学,086100,交通运输,006 自动化工程学院,8,,18,,,,,63.4,201英语一,70.6,301数学一,116.8,839自动控制原理,120.0,417.0,367.0,387.0,,201英语一,,301数学一,,839自动控制原理,,20260818_002109_27考研择校宝典_录取数据表_0815.xlsx
2026,电子科技大学,080200,机械工程,004 机械与电气工程学院,12,,12,,,,,,201英语一,,301数学一,,862工程控制基础,,,,,,201英语一,,301数学一,,862工程控制基础,,20260818_002109_27考研择校宝典_录取数据表_0815.xlsx
2026,电子科技大学,085500,机械,004 机械与电气工程学院,16,,19,,,,,,201英语一,,301数学一,,862工程控制基础,,,,,,201英语一,,301数学一,,862工程控制基础,,20260818_002109_27考研择校宝典_录取数据表_0815.xlsx
2026,电子科技大学,081100,控制科学与工程,010 航空航天学院,2,,4,,,,,,201英语一,,301数学一,,839自动控制原理,,,,,,201英语一,,301数学一,,839自动控制原理,,20260818_002109_27考研择校宝典_录取数据表_0815.xlsx
2026,电子科技大学,082500,航空宇航科学与技术,010 航空航天学院,21,,,,,,,,201英语一,,301数学一,,865 飞行器控制与信息工程基础,,,,,,201英语一,,301数学一,,865 飞行器控制与信息工程基础,,20260818_002109_27考研择校宝典_录取数据表_0815.xlsx
2026,电子科技大学,086100,交通运输,010 航空航天学院,5,,18,,,,,,201英语一,,301数学一,,865 飞行器控制与信息工程基础,,,,,,201英语一,,301数学一,,865 飞行器控制与信息工程基础,,20260818_002109_27考研择校宝典_录取数据表_0815.xlsx
2026,电子科技大学,085406,控制工程,028 电子科技大学(深圳）高等研究院,16,,18,,,,,64.0,201英语一,74.7,301数学一,119.0,839自动控制原理,122.9,411.0,361.0,380.7,,201英语一,,301数学一,,839自动控制原理,,20260818_002109_27考研择校宝典_录取数据表_0815.xlsx
2026,电子科技大学,085500,机械,028 电子科技大学(深圳）高等研究院,11,,17,,,,,62.5,201英语一,71.6,301数学一,115.8,862工程控制基础,130.3,406.0,349.0,385.0,,201英语一,,301数学一,,862工程控制基础,,20260818_002109_27考研择校宝典_录取数据表_0815.xlsx
2026,天津大学,085400,电子信息,202 精密仪器与光电子工程学院,100,1,1,1.0,326.0,326.0,326.0,,201英语一,,301数学一,,812自动控制理论,,326.0,326.0,326.0,,201英语一,,301数学一,,812自动控制理论,,20260818_002109_27考研择校宝典_录取数据表_0815.xlsx
2026,天津大学,081100,控制科学与工程,234 电气自动化与信息工程学院,3,4,4,1.0,379.0,327.0,357.0,63.0,201英语一,66.0,301数学一,110.0,812自动控制理论,118.0,379.0,327.0,357.0,,201英语一,,301数学一,,812自动控制理论,,20260818_002109_27考研择校宝典_录取数据表_0815.xlsx
2026,天津大学,085400,电子信息 03控制工程,234 电气自动化与信息工程学院,78,54,42,1.29,418.0,340.0,368.4,65.0,201英语一,71.0,301数学一,111.0,812自动控制理论,121.0,418.0,341.0,373.0,,201英语一,,301数学一,,812自动控制理论,,20260818_002109_27考研择校宝典_录取数据表_0815.xlsx
2026,天津大学,089906,低空技术与工程,234 电气自动化与信息工程学院,20,26,14,1.86,383.0,315.0,348.0,65.0,201英语一,66.7,301数学一,112.5,812自动控制理论,103.7,383.0,315.0,355.0,,201英语一,,301数学一,,812自动控制理论,,20260818_002109_27考研择校宝典_录取数据表_0815.xlsx
2026,天津大学,085400,电子信息,439 天津大学福州国际联合学院,100,18,12,1.5,425.0,338.0,369.0,65.9,201英语一,70.2,301数学一,111.3,812自动控制理论,121.5,425.0,348.0,380.0,,201英语一,,301数学一,,812自动控制理论,,20260818_002109_27考研择校宝典_录取数据表_0815.xlsx
2026,天津大学,085400,电子信息,248 未来技术学院,90,4,4,1.0,384.0,328.0,360.0,64.0,201英语一,69.0,301数学一,99.0,812自动控制理论,127.0,384.0,328.0,360.0,,201英语一,,301数学一,,812自动控制理论,,20260818_002109_27考研择校宝典_录取数据表_0815.xlsx
2026,天津大学,085900,土木水利,248 未来技术学院,20,1,1,1.0,324.0,324.0,324.0,,201英语一,,301数学一,,812自动控制理论,,324.0,324.0,324.0,,201英语一,,301数学一,,812自动控制理论,,20260818_002109_27考研择校宝典_录取数据表_0815.xlsx
2026,南开大学,081100,控制科学与工程,033 人工智能学院,11,13,11,1.18,428.0,313.0,358.8,64.2,201英语一,67.8,301数学一,110.2,809控制综合基础,116.6,428.0,318.0,366.9,,201英语一,,301数学一,,809控制综合基础,,20260818_002109_27考研择校宝典_录取数据表_0815.xlsx
2026,南开大学,085400,电子信息01控制工程,033 人工智能学院,28,35,28,1.25,448.0,372.0,413.4,66.7,204英语二,80.8,302数学二,128.3,810自动控制原理,137.7,448.0,372.0,416.2,,204英语二,,302数学二,,810自动控制原理,,20260818_002109_27考研择校宝典_录取数据表_0815.xlsx
2026,南开大学,085400,电子信息02人工智能,033 人工智能学院,30,38,30,1.27,445.0,342.0,414.6,66.1,204英语二,79.1,302数学二,132.1,810自动控制原理,137.3,445.0,342.0,417.4,,204英语二,,302数学二,,810自动控制原理,,20260818_002109_27考研择校宝典_录取数据表_0815.xlsx
2026,同济大学,081100,控制科学与工程,080 电子与信息工程学院,17,136,87,1.56,429.0,365.0,391.0,,201英语一/242德语任选一门,,301数学一,,825自动控制原理,,429.0,368.0,394.0,,201英语一/242德语任选一门,,301数学一,,825自动控制原理,,20260818_002109_27考研择校宝典_录取数据表_0815.xlsx
2026,同济大学,085400,电子信息 07智慧农业与生态,080 电子与信息工程学院,3,42,28,1.5,423.0,335.0,388.0,,"201英语一/242德语任选一门（03,04）",,301数学一,,825自动控制原理,,423.0,367.0,395.0,,"201英语一/242德语任选一门（03,04）",,301数学一,,825自动控制原理,,20260818_002109_27考研择校宝典_录取数据表_0815.xlsx
2026,同济大学,085400,电子信息 03 人工智能与自动化工程,080 电子与信息工程学院,70,,,,,,,,"201英语一/242德语任选一门（03,04）",,301数学一,,825自动控制原理,,,,,,"201英语一/242德语任选一门（03,04）",,301数学一,,825自动控制原理,,20260818_002109_27考研择校宝典_录取数据表_0815.xlsx
2026,同济大学,085400,电子信息 04 人工智能与自动化工程（中德平台）,080 电子与信息工程学院,10,,,,,,,,"201英语一/242德语任选一门（03,04）",,301数学一,,825自动控制原理,,,,,,"201英语一/242德语任选一门（03,04）",,301数学一,,825自动控制原理,,20260818_002109_27考研择校宝典_录取数据表_0815.xlsx
2026,同济大学,081101,控制理论与控制工程,080 电子与信息工程学院,1,,,,,,,,201英语一/242德语任选一门,,301数学一,,825自动控制原理,,,,,,201英语一/242德语任选一门,,301数学一,,825自动控制原理,,20260818_002109_27考研择校宝典_录取数据表_0815.xlsx
2026,同济大学,080204,车辆工程,180 汽车学院,16,,,,,,,, 201英语一或242德语,,301数学一,,825自动控制原理,,,,,, 201英语一或242德语,,301数学一,,825自动控制原理,,20260818_002109_27考研择校宝典_录取数据表_0815.xlsx
2026,同济大学,080703,动力机械及工程,180 汽车学院,1,,,,,,,, 201英语一或242德语,,301数学一,,825自动控制原理,,,,,, 201英语一或242德语,,301数学一,,825自动控制原理,,20260818_002109_27考研择校宝典_录取数据表_0815.xlsx
2026,同济大学,085500,机械,180 汽车学院,16,,,,,,,,201英语（一）或203日语或241法语或242德语,,301数学一,,825自动控制原理,,,,,,201英语（一）或203日语或241法语或242德语,,301数学一,,825自动控制原理,,20260818_002109_27考研择校宝典_录取数据表_0815.xlsx
2026,同济大学,085800,能源动力,180 汽车学院,10,,,,,,,,201英语（一）或242德语,,301数学一,,825自动控制原理,,,,,,201英语（一）或242德语,,301数学一,,825自动控制原理,,20260818_002109_27考研择校宝典_录取数据表_0815.xlsx
2026,同济大学,086100,交通运输,180 汽车学院,6,,,,,,,,201英语（一）或203日语或241法语或242德语,,301数学一,,825自动控制原理,,,,,,201英语（一）或203日语或241法语或242德语,,301数学一,,825自动控制原理,,20260818_002109_27考研择校宝典_录取数据表_0815.xlsx
2026,同济大学,089902,智能电动车辆,180 汽车学院,2,,,,,,,,201英语（一）或203日语或241法语或242德语,,301数学一,,825自动控制原理,,,,,,201英语（一）或203日语或241法语或242德语,,301数学一,,825自动控制原理,,20260818_002109_27考研择校宝典_录取数据表_0815.xlsx
2026,武汉大学,081100,控制科学与工程,226 机器人学院,1,3,3,1.0,,,,,201英语一,,301数学一,,856自动控制原理,,,,,,201英语一,,301数学一,,856自动控制原理,,20260818_002109_27考研择校宝典_录取数据表_0815.xlsx
2026,武汉大学,085406,控制工程,226 机器人学院,15,40,38,1.05,434.0,386.0,403.9,61.8,204英语二,77.7,302数学二,132.7,856自动控制原理,131.7,434.0,388.0,404.8,,204英语二,,302数学二,,856自动控制原理,,20260818_002109_27考研择校宝典_录取数据表_0815.xlsx
2026,武汉大学,0863S1,机器人技术,226 机器人学院,28,18,17,1.05,411.0,309.0,360.9,59.1,204英语二,69.9,302数学二,110.7,856自动控制原理,121.2,411.0,309.0,361.5,,204英语二,,302数学二,,856自动控制原理,,20260818_002109_27考研择校宝典_录取数据表_0815.xlsx
2026,中山大学,081100,控制科学与工程,766 智能工程学院,5,20,10,2.0,428.0,366.0,386.6,71.2,201英语一,70.0,301数学一,117.1,889自动控制原理,128.2,428.0,381.0,398.0,,201英语一,,301数学一,,889自动控制原理,,20260818_002109_27考研择校宝典_录取数据表_0815.xlsx
2026,中山大学,081100,控制科学与工程,724 人工智能学院,1,2,1,2.0,320.0,315.0,317.5,72.0,201英语一,56.0,301数学一,92.0,889自动控制原理,97.5,320.0,320.0,320.0,,201英语一,,301数学一,,889自动控制原理,,20260818_002109_27考研择校宝典_录取数据表_0815.xlsx
2026,东南大学,081100,控制科学与工程,008 自动化学院,12,27,19,1.42,428.0,270.0,391.1,65.6,201英语一,70.4,301数学一,124.7,835自动控制原理（经典部分）,130.4,428.0,270.0,393.0,,201英语一,,301数学一,,835自动控制原理（经典部分）,,20260818_002109_27考研择校宝典_录取数据表_0815.xlsx
2026,东南大学,085400,电子信息,008 自动化学院,29,87,60,1.45,439.0,391.0,405.0,66.4,201英语一,74.9,301数学一,128.3,835自动控制原理（经典部分）,135.5,439.0,391.0,409.5,,201英语一,,301数学一,,835自动控制原理（经典部分）,,20260818_002109_27考研择校宝典_录取数据表_0815.xlsx
2026,东南大学,085400,电子信息 02新一代电子信息技术,084 苏州联合研究生院,31,60,43,1.4,406.0,349.0,373.6,64.5,201英语一,72.1,301数学一,110.3,835自动控制原理,126.7,406.0,355.0,378.8,,201英语一,,301数学一,,835自动控制原理,,20260818_002109_27考研择校宝典_录取数据表_0815.xlsx
2026,厦门大学,0802J1,智能仪器与装备,270 萨本栋微米纳米科学技术研究院,2,3,2,1.5,371.0,304.0,337.0,,201英语一,,301数学一,,844自动控制原理,,,,,,201英语一,,301数学一,,844自动控制原理,,20260818_002109_27考研择校宝典_录取数据表_0815.xlsx
2026,厦门大学,085406,控制工程,270 萨本栋微米纳米科学技术研究院,5,14,7,2.0,431.0,330.0,380.0,,204英语二,,302数学二,,844自动控制原理,,,,,,204英语二,,302数学二,,844自动控制原理,,20260818_002109_27考研择校宝典_录取数据表_0815.xlsx
2026,厦门大学,085407,仪器仪表工程,270 萨本栋微米纳米科学技术研究院,5,3,3,1.0,430.0,354.0,381.0,,204英语二,,302数学二,,844自动控制原理,,,,,,204英语二,,302数学二,,844自动控制原理,,20260818_002109_27考研择校宝典_录取数据表_0815.xlsx
2026,厦门大学,085808,储能技术,230 能源学院,4,22,13,1.69,403.0,341.0,386.0,,204英语二,,302数学二,,844自动控制原理,,,,,,204英语二,,302数学二,,844自动控制原理,,20260818_002109_27考研择校宝典_录取数据表_0815.xlsx
2026,厦门大学,089901,先进能源,230 能源学院,2,7,5,1.4,358.0,275.0,314.0,,201英语一,,302数学二,,844自动控制原理,,,,,,201英语一,,302数学二,,844自动控制原理,,20260818_002109_27考研择校宝典_录取数据表_0815.xlsx
2026,厦门大学,085406,控制工程,400 航空航天,5,41,28,1.46,449.0,348.0,401.0,,204英语二,,301数学一,,844自动控制原理,,,,,,204英语二,,301数学一,,844自动控制原理,,20260818_002109_27考研择校宝典_录取数据表_0815.xlsx
2026,厦门大学,085004,航天工程,400 航空航天,7,20,16,1.25,409.0,341.0,392.0,,201英语一,,302数学二,,844自动控制原理,,,,,,201英语一,,302数学二,,844自动控制原理,,20260818_002109_27考研择校宝典_录取数据表_0815.xlsx
2026,厦门大学,0825J2,低空经济,400 航空航天,3,8,5,1.6,386.0,302.0,338.0,,201英语一,,301数学一,,844自动控制原理,,,,,,201英语一,,301数学一,,844自动控制原理,,20260818_002109_27考研择校宝典_录取数据表_0815.xlsx
2026,北京理工大学,081100,控制科学与工程01,206 自动化学院,5,,7,,,,,,201英语一,,301数学一,,810自动控制理论,,424.0,369.0,398.7,,201英语一,,301数学一,,810自动控制理论,,20260818_002109_27考研择校宝典_录取数据表_0815.xlsx
2026,北京理工大学,081100,控制科学与工程02,206 自动化学院,7,,7,,,,,,201英语一,,301数学一,,810自动控制理论,,416.0,363.0,396.4,,201英语一,,301数学一,,810自动控制理论,,20260818_002109_27考研择校宝典_录取数据表_0815.xlsx
2026,北京理工大学,081100,控制科学与工程03,206 自动化学院,5,,5,,,,,,201英语一,,301数学一,,810自动控制理论,,439.0,331.0,379.4,,201英语一,,301数学一,,810自动控制理论,,20260818_002109_27考研择校宝典_录取数据表_0815.xlsx
2026,北京理工大学,081100,控制科学与工程04,206 自动化学院,7,,9,,,,,,201英语一,,301数学一,,810自动控制理论,,408.0,367.0,387.0,,201英语一,,301数学一,,810自动控制理论,,20260818_002109_27考研择校宝典_录取数据表_0815.xlsx
2026,北京理工大学,081100,控制科学与工程05,206 自动化学院,6,,7,,,,,,201英语一,,301数学一,,810自动控制理论,,409.0,374.0,396.7,,201英语一,,301数学一,,810自动控制理论,,20260818_002109_27考研择校宝典_录取数据表_0815.xlsx
2026,北京理工大学,081100,控制科学与工程06,206 自动化学院,5,,6,,,,,,201英语一,,301数学一,,810自动控制理论,,396.0,312.0,363.7,,201英语一,,301数学一,,810自动控制理论,,20260818_002109_27考研择校宝典_录取数据表_0815.xlsx
2026,北京理工大学,085406,控制工程,206 自动化学院,33,,66,,,,,,201英语一,,301数学一,,810自动控制理论,,434.0,321.0,401.5,,201英语一,,301数学一,,810自动控制理论,,20260818_002109_27考研择校宝典_录取数据表_0815.xlsx
2026,北京理工大学,085410,人工智能,206 自动化学院,6,,8,,,,,,201英语一,,301数学一,,810自动控制理论,,381.0,319.0,347.8,,201英语一,,301数学一,,810自动控制理论,,20260818_002109_27考研择校宝典_录取数据表_0815.xlsx
2026,北京理工大学,089903,低空技术与工程 02方向,206 自动化学院,2,0,0,,400.0,313.0,353.6,,201英语一或202俄语或203日语,,301数学一,,810自动控制理论,,,,,,201英语一或202俄语或203日语,,301数学一,,810自动控制理论,,20260818_002109_27考研择校宝典_录取数据表_0815.xlsx
2026,北京理工大学,081100,控制科学与工程 01方向,280 珠海校区,6,6,,,,,,,201英语一,,301数学一,,810自动控制理论,,,,,,201英语一,,301数学一,,810自动控制理论,,20260818_002109_27考研择校宝典_录取数据表_0815.xlsx
2026,北京理工大学,081100,控制科学与工程 02方向,280 珠海校区,4,4,,,,,,,,,,,,,,,,,,,,,,,20260818_002109_27考研择校宝典_录取数据表_0815.xlsx
2026,北京理工大学,081100,控制科学与工程 03方向,280 珠海校区,4,4,,,,,,,,,,,,,,,,,,,,,,,20260818_002109_27考研择校宝典_录取数据表_0815.xlsx
2026,北京理工大学,081100,控制科学与工程 04方向,280 珠海校区,4,4,,,,,,,,,,,,,,,,,,,,,,,20260818_002109_27考研择校宝典_录取数据表_0815.xlsx
2026,北京理工大学,081100,控制科学与工程 05方向,280 珠海校区,,0,,,,,,,,,,,,,,,,,,,,,,,20260818_002109_27考研择校宝典_录取数据表_0815.xlsx
2026,北京理工大学,081100,控制科学与工程 05方向,280 珠海校区,,2,,,,,,,,,,,,,,,,,,,,,,,20260818_002109_27考研择校宝典_录取数据表_0815.xlsx
2026,北京理工大学,082400,船舶与海洋工程 02方向,280 珠海校区,3,3,,,,,,,201英语一,,301数学一,,810自动控制理论,,,,,,201英语一,,301数学一,,810自动控制理论,,20260818_002109_27考研择校宝典_录取数据表_0815.xlsx
2026,北京理工大学,082500,航空宇航科学与技术 02方向,280 珠海校区,2,3,,,,,,,201英语一,,301数学一,,810自动控制理论,,,,,,201英语一,,301数学一,,810自动控制理论,,20260818_002109_27考研择校宝典_录取数据表_0815.xlsx
2026,北京理工大学,085406,控制工程,280 珠海校区,6,59,,,,,,,201英语一,,301数学一,,810自动控制理论,,,,,,201英语一,,301数学一,,810自动控制理论,,20260818_002109_27考研择校宝典_录取数据表_0815.xlsx
2026,北京理工大学,085410,人工智能 01方向,280 珠海校区,3,7,,,,,,,201英语一,,301数学一,,810自动控制理论,,,,,,201英语一,,301数学一,,810自动控制理论,,20260818_002109_27考研择校宝典_录取数据表_0815.xlsx
2026,北京理工大学,082500,航空宇航科学与技术 02飞行动力学与控制,201 空天学院,10,,37,,,,,,201英语一,,301数学一,,810自动控制理论,,409.0,296.0,348.0,,201英语一,,301数学一,,810自动控制理论,,20260818_002109_27考研择校宝典_录取数据表_0815.xlsx
2026,北京理工大学,085410,人工智能,246 人工智能学院,4,,16,,,,,,201英语一,,301数学一,,810自动控制理论,,397.0,321.0,352.8,,201英语一,,301数学一,,810自动控制理论,,20260818_002109_27考研择校宝典_录取数据表_0815.xlsx
2026,四川大学,081100,控制科学与工程,303 电气工程学院,3,8,5,1.6,,,,,201英语一,,301数学一,,871自动控制原理,,,,,,201英语一,,301数学一,,871自动控制原理,,20260818_002109_27考研择校宝典_录取数据表_0815.xlsx
2026,四川大学,085400,电子信息,303 电气工程学院,23,42,27,1.56,,,,,204英语二,,302数学二,,871自动控制原理,,,,,,204英语二,,302数学二,,871自动控制原理,,20260818_002109_27考研择校宝典_录取数据表_0815.xlsx
2026,四川大学,082500,航空宇航科学与技术,621 空天科学与工程学院,4,4,4,1.0,,,,,201英语一,,301数学一,,871自动控制原理,,,,,,201英语一,,301数学一,,871自动控制原理,,20260818_002109_27考研择校宝典_录取数据表_0815.xlsx
2026,四川大学,085503,航空工程,621 空天科学与工程学院,8,19,14,1.35,,,,,204英语二,,302数学二,,871自动控制原理,,,,,,204英语二,,302数学二,,871自动控制原理,,20260818_002109_27考研择校宝典_录取数据表_0815.xlsx
2026,西北工业大学,081100,控制科学与工程,009 自动化学院,51,67,43,1.55,,,,,"201 英语（一）
或 242 俄语（一外）",,301数学一,,821自动控制原理,,428.0,378.0,401.47,,"201 英语（一）
或 242 俄语（一外）",,301数学一,,821自动控制原理,,20260818_002109_27考研择校宝典_录取数据表_0815.xlsx
2026,西北工业大学,085406,控制工程,009 自动化学院,39,53,36,1.47,,,,,201英语一,,301数学一,,821自动控制原理,,429.0,379.0,406.0,,201英语一,,301数学一,,821自动控制原理,,20260818_002109_27考研择校宝典_录取数据表_0815.xlsx
2026,西北工业大学,085407,仪器仪表工程,009 自动化学院,2,0,0,,,,,,201英语一,,301数学一,,821自动控制原理,,,,,,201英语一,,301数学一,,821自动控制原理,,20260818_002109_27考研择校宝典_录取数据表_0815.xlsx
2026,西北工业大学,085410,人工智能,009 自动化学院,10,13,7,1.85,,,,,201英语一,,301数学一,,821自动控制原理,,400.0,367.0,383.0,,201英语一,,301数学一,,821自动控制原理,,20260818_002109_27考研择校宝典_录取数据表_0815.xlsx
2026,西北工业大学,085510,机器人工程,009 自动化学院,6,5,4,1.25,,,,,201英语一,,301数学一,,821自动控制原理,,416.0,388.0,347.0,,201英语一,,301数学一,,821自动控制原理,,20260818_002109_27考研择校宝典_录取数据表_0815.xlsx
2026,西北工业大学,081100,控制科学与工程,003 航海学院,6,8,6,1.33,404.0,381.0,388.9,,201英语一,,301数学一,,821自动控制原理,,404.0,381.0,390.5,67.1,201英语一,69.2,301数学一,123.8,821自动控制原理,128.8,20260818_002109_27考研择校宝典_录取数据表_0815.xlsx
2026,西北工业大学,085406,控制工程,003 航海学院,18,26,17,1.52,437.0,380.0,405.4,,204英语二,,302数学二,,821自动控制原理,,437.0,380.0,409.5,62.0,204英语二,71.0,302数学二,121.0,821自动控制原理,118.0,20260818_002109_27考研择校宝典_录取数据表_0815.xlsx
2026,西北工业大学,082600,兵器科学与技术,003 航海学院,29,3,3,1.0,381.0,315.0,355.0,,201英语一,,301数学一,,821自动控制原理,,381.0,315.0,355.0,65.0,201英语一,72.0,301数学一,99.7,821自动控制原理,118.3,20260818_002109_27考研择校宝典_录取数据表_0815.xlsx
2026,西北工业大学,089902,无人系统科学与技术,021 无人系统技术研究院,10,3,3,1.0,419.0,351.0,375.6,64.7,201英语一,72.0,301数学一,111.3,821自动控制原理,127.7,419.0,351.0,375.6,,201英语一,,301数学一,,821自动控制原理,,20260818_002109_27考研择校宝典_录取数据表_0815.xlsx
2026,西北工业大学,085406,控制工程,021 无人系统技术研究院,11,29,17,1.71,424.0,361.0,389.9,65.2,204英语二,78.9,302数学二,126.4,821自动控制原理,119.3,424.0,362.0,397.5,,204英语二,,302数学二,,821自动控制原理,,20260818_002109_27考研择校宝典_录取数据表_0815.xlsx
2026,西北工业大学,085406,控制工程,007 动力与能源学院,1,2,0,,,,,,204英语二,,302数学二,,821自动控制原理,,,,,,204英语二,,302数学二,,821自动控制原理,,20260818_002109_27考研择校宝典_录取数据表_0815.xlsx
2026,西北工业大学,081100,控制科学与工程,007 动力与能源学院,1,,,,,,,,201英语一,,301数学一,,821自动控制原理,,,,,,201英语一,,301数学一,,821自动控制原理,,20260818_002109_27考研择校宝典_录取数据表_0815.xlsx
2026,西北工业大学,085407,仪器仪表工程,005 机电学院,19,,0,,,,,,204英语二,,302数学二,,821自动控制原理,,,,,,204英语二,,302数学二,,821自动控制原理,,20260818_002109_27考研择校宝典_录取数据表_0815.xlsx
2026,重庆大学,081100,控制科学与工程,013 自动化学院,30,94,51,1.84,429.0,278.0,372.98,68.8,201英语一,65.59,301数学一,107.48,844自动控制原理二,131.12,429.0,278.0,385.37,,201英语一,,301数学一,,844自动控制原理二,,20260818_002109_27考研择校宝典_录取数据表_0815.xlsx
2026,重庆大学,085400,电子信息,013 自动化学院,61,194,96,2.02,447.0,340.0,391.06,68.18,204英语二,76.3,302数学二,118.18,844自动控制原理二,128.4,447.0,353.0,408.13,,204英语二,,302数学二,,844自动控制原理二,,20260818_002109_27考研择校宝典_录取数据表_0815.xlsx
2026,重庆大学,089903,低空技术与工程,013 自动化学院,4,,1,,,,,,201英语一,,301数学一,,844自动控制原理二,,,,,,201英语一,,301数学一,,844自动控制原理二,,20260818_002109_27考研择校宝典_录取数据表_0815.xlsx
2026,中国海洋大学,081100,控制科学与工程,009 工程学院,5,2,1,2.0,294.0,287.0,290.5,54.5,201英语一,49.0,301数学一,98.5,842自动控制理论,88.5,287.0,287.0,287.0,,201英语一,,301数学一,,842自动控制理论,,20260818_002109_27考研择校宝典_录取数据表_0815.xlsx
2026,中国海洋大学,085406,控制工程,009 工程学院,23,70,56,1.25,402.0,264.0,327.3,54.4,201英语一,61.6,301数学一,101.6,842自动控制理论,109.8,402.0,276.0,338.5,,201英语一,,301数学一,,842自动控制理论,,20260818_002109_27考研择校宝典_录取数据表_0815.xlsx
2026,中国海洋大学,085406,控制工程,033 卓越工程师学院,2,0,0,,,,,,201英语一,,301数学一,,842自动控制理论,,,,,,201英语一,,301数学一,,842自动控制理论,,20260818_002109_27考研择校宝典_录取数据表_0815.xlsx
2026,哈尔滨工程大学,085400,电子信息01控制工程,051 烟台研究院,43,9,8,1.13,393.0,269.0,324.6,67.7,201英语一,55.6,301数学一,89.8,808自动控制原理,111.6,393.0,269.0,330.2,,201英语一,,301数学一,,808自动控制原理,,20260818_002109_27考研择校宝典_录取数据表_0815.xlsx
2026,哈尔滨工程大学,080400,仪器科学与技术01方向,004 智能科学与工程学院,17,21,12,1.75,397.0,265.0,323.3,69.0,201英语一、202俄语、203日语(选一),60.2,301数学一,89.5,808自动控制原理,104.6,397.0,272.0,341.8,,201英语一、202俄语、203日语(选一),,301数学一,,808自动控制原理,,20260818_002109_27考研择校宝典_录取数据表_0815.xlsx
2026,哈尔滨工程大学,080400,仪器科学与技术02方向,004 智能科学与工程学院,5,2,2,1.0,358.0,335.0,346.5,71.0,201英语一,69.0,301数学一,85.0,808自动控制原理,121.5,358.0,335.0,346.5,,201英语一,,301数学一,,808自动控制原理,,20260818_002109_27考研择校宝典_录取数据表_0815.xlsx
2026,哈尔滨工程大学,080800,电气工程,004 智能科学与工程学院,10,7,6,1.17,402.0,269.0,321.6,70.7,201英语一、202俄语、203日语(选一),68.9,301数学一,87.7,808自动控制原理,94.3,402.0,269.0,328.2,,201英语一、202俄语、203日语(选一),,301数学一,,808自动控制原理,,20260818_002109_27考研择校宝典_录取数据表_0815.xlsx
2026,哈尔滨工程大学,081100,控制科学与工程01基础计划,004 智能科学与工程学院,48,63,51,1.24,400.0,286.0,336.4,69.6,201英语一、202俄语、203日语(选一),59.0,301数学一,99.6,808自动控制原理,108.2,400.0,287.0,344.2,,201英语一、202俄语、203日语(选一),,301数学一,,808自动控制原理,,20260818_002109_27考研择校宝典_录取数据表_0815.xlsx
2026,哈尔滨工程大学,081100,控制科学与工程02青岛创新发展基地专项,004 智能科学与工程学院,20,14,14,1.0,381.0,269.0,316.2,72.0,201英语一,58.4,301数学一,90.7,808自动控制原理,95.1,381.0,269.0,316.2,,201英语一,,301数学一,,808自动控制原理,,20260818_002109_27考研择校宝典_录取数据表_0815.xlsx
2026,哈尔滨工程大学,081100,控制科学与工程03海南(三亚)专项,004 智能科学与工程学院,3,5,5,1.0,317.0,271.0,295.0,69.6,201英语一,49.2,301数学一,84.4,808自动控制原理,91.8,317.0,271.0,295.0,,201英语一,,301数学一,,808自动控制原理,,20260818_002109_27考研择校宝典_录取数据表_0815.xlsx
2026,哈尔滨工程大学,085400,电子信息01基础计划,004 智能科学与工程学院,105,269,145,1.86,418.0,290.0,344.3,70.7,201英语一、202俄语、203日语(选一),62.6,301数学一,99.3,808自动控制原理,111.8,418.0,291.0,354.8,,201英语一、202俄语、203日语(选一),,301数学一,,808自动控制原理,,20260818_002109_27考研择校宝典_录取数据表_0815.xlsx
2026,哈尔滨工程大学,085400,电子信息02长三角研究院（南通）专项,004 智能科学与工程学院,15,7,6,1.17,363.0,295.0,327.9,70.1,201英语一、202俄语、203日语(选一),67.3,301数学一,94.9,808自动控制原理,95.6,363.0,295.0,325.5,,201英语一、202俄语、203日语(选一),,301数学一,,808自动控制原理,,20260818_002109_27考研择校宝典_录取数据表_0815.xlsx
2026,哈尔滨工程大学,085400,电子信息03龙江工程师学院专项（智能制造）,004 智能科学与工程学院,50,36,34,1.06,393.0,273.0,330.7,70.6,201英语一、202俄语、203日语(选一),60.4,301数学一,93.3,808自动控制原理,106.3,393.0,273.0,333.3,,201英语一、202俄语、203日语(选一),,301数学一,,808自动控制原理,,20260818_002109_27考研择校宝典_录取数据表_0815.xlsx
2026,哈尔滨工程大学,085400,电子信息04青岛创新发展基地专项,004 智能科学与工程学院,39,18,18,1.0,400.0,274.0,324.5,71.4,201英语一,60.2,301数学一,93.3,808自动控制原理,99.6,400.0,274.0,324.5,,201英语一,,301数学一,,808自动控制原理,,20260818_002109_27考研择校宝典_录取数据表_0815.xlsx
2026,哈尔滨工程大学,085400,电子信息05海南（三亚）专项,004 智能科学与工程学院,6,7,7,1.0,395.0,285.0,323.1,72.9,201英语一,62.4,301数学一,95.6,808自动控制原理,92.3,395.0,285.0,323.1,,201英语一,,301数学一,,808自动控制原理,,20260818_002109_27考研择校宝典_录取数据表_0815.xlsx
2026,哈尔滨工程大学,140500,智能科学与技术,004 智能科学与工程学院,10,8,5,1.6,378.0,273.0,325.8,70.6,201英语一、202俄语、203日语(选一),59.6,301数学一,90.5,808自动控制原理,105.0,378.0,319.0,341.0,,201英语一、202俄语、203日语(选一),,301数学一,,808自动控制原理,,20260818_002109_27考研择校宝典_录取数据表_0815.xlsx
2026,哈尔滨工程大学,0811J2,水下智能技术01,004 智能科学与工程学院,3,4,3,1.33,355.0,275.0,317.8,69.2,201英语一、202俄语、203日语(选一),62.5,301数学一,80.2,808自动控制原理,105.8,355.0,305.0,332.0,,201英语一、202俄语、203日语(选一),,301数学一,,808自动控制原理,,20260818_002109_27考研择校宝典_录取数据表_0815.xlsx
2026,哈尔滨工程大学,0811J2,水下智能技术02,004 智能科学与工程学院,18,2,2,1.0,341.0,319.0,330.0,58.5,201英语一,58.5,301数学一,86.0,808自动控制原理,112.5,341.0,319.0,330.0,,201英语一,,301数学一,,808自动控制原理,,20260818_002109_27考研择校宝典_录取数据表_0815.xlsx
2026,上海大学,081100,控制科学与工程,009 机电工程与自动化学院,47,,50,,,,,,201英语一,,301数学一,,836自动控制理论（含经典和现代）,,413.0,329.0,356.7,,201英语一,,301数学一,,836自动控制理论（含经典和现代）,,20260818_002109_27考研择校宝典_录取数据表_0815.xlsx
2026,上海大学,085400,电子信息,009 机电工程与自动化学院,51,,75,,,,,,204英语二,,302数学二,,836自动控制理论（含经典和现代）,,415.0,323.0,382.7,,204英语二,,302数学二,,836自动控制理论（含经典和现代）,,20260818_002109_27考研择校宝典_录取数据表_0815.xlsx
2026,上海大学,085400,电子信息,025 中欧工程技术学院,12,20,20,1.0,,,,,204英语二/246法语（工程）,,302数学二,,836自动控制理论（含经典和现代）,,416.0,344.0,377.4,,204英语二/246法语（工程）,,302数学二,,836自动控制理论（含经典和现代）,,20260818_002109_27考研择校宝典_录取数据表_0815.xlsx
2026,上海大学,081100,控制科学与工程,423 未来技术学院,11,,11,,,,,,201英语一,,301数学一,,836自动控制理论（含经典和现代）,,372.0,314.0,344.5,,201英语一,,301数学一,,836自动控制理论（含经典和现代）,,20260818_002109_27考研择校宝典_录取数据表_0815.xlsx
2026,上海大学,0811J9,智能医学诊疗,113 医学院,4,,7,,,,,,201英语一,,301数学一,,836自动控制理论（含经典和现代）,,328.0,272.0,301.6,,201英语一,,301数学一,,836自动控制理论（含经典和现代）,,20260818_002109_27考研择校宝典_录取数据表_0815.xlsx
2026,大连海事大学,081100,控制科学与工程,003 船舶电气工程学院,24,23,18,1.28,403.0,339.0,364.5,66.9,201英语一,63.2,301数学一,116.6,806自动控制原理,117.8,403.0,339.0,364.7,,201英语一,,301数学一,,806自动控制原理,,20260818_002109_27考研择校宝典_录取数据表_0815.xlsx
2026,大连海事大学,085406,控制工程,003 船舶电气工程学院,54,70,58,1.21,403.0,317.0,347.7,67.3,201英语一,63.5,301数学一,104.0,806自动控制原理,112.9,403.0,319.0,351.7,,201英语一,,301数学一,,806自动控制原理,,20260818_002109_27考研择校宝典_录取数据表_0815.xlsx
2026,大连海事大学,085406,控制工程,026 水路交通控制全国重点实验室,2,1,1,1.0,,,,,201英语一,,301数学一,,806自动控制原理,,,,,,201英语一,,301数学一,,806自动控制原理,,20260818_002109_27考研择校宝典_录取数据表_0815.xlsx
2026,华东理工大学,081100,控制科学与工程,006 信息科学与工程学院,47,38,31,1.23,410.0,361.0,378.7,,201英语一,,301数学一,,816控制原理,,410.0,362.0,380.1,,201英语一,,301数学一,,816控制原理,,20260818_002109_27考研择校宝典_录取数据表_0815.xlsx
2026,华东理工大学,085406,控制工程,006 信息科学与工程学院,79,109,78,1.4,444.0,310.0,402.6,,204英语二,,302数学二,,816控制原理,,444.0,383.0,407.3,,204英语二,,302数学二,,816控制原理,,20260818_002109_27考研择校宝典_录取数据表_0815.xlsx
2026,东华大学,081100,控制科学与工程,023 信息与智能科学学院,31,,32,,,,,,201英语一,,301数学一,,824自动控制理论,,389.0,293.0,342.41,,201英语一,,301数学一,,824自动控制理论,,20260818_002109_27考研择校宝典_录取数据表_0815.xlsx
2026,东华大学,085406,控制工程,023 信息与智能科学学院,62,,63,,,,,,204英语二,,301数学一,,824自动控制理论,,424.0,327.0,366.71,,204英语二,,301数学一,,824自动控制理论,,20260818_002109_27考研择校宝典_录取数据表_0815.xlsx
2026,河海大学,081100,控制科学与工程,043 人工智能与自动化学院,20,28,20,1.4,414.0,355.0,372.9,63.5,201英语一,66.6,301数学一,112.7,827自动控制理论基础,130.0,414.0,355.0,376.8,,201英语一,,301数学一,,827自动控制理论基础,,20260818_002109_27考研择校宝典_录取数据表_0815.xlsx
2026,河海大学,085400,电子信息 (04)智能技术,043 人工智能与自动化学院,3,0,0,,,,,,204英语二,,302数学二,,827自动控制理论基础,,,,,,204英语二,,302数学二,,827自动控制理论基础,,20260818_002109_27考研择校宝典_录取数据表_0815.xlsx
2026,河海大学,085400,电子信息 (01) 控制工程,043 人工智能与自动化学院,51,70,38,1.84,436.0,376.0,401.3,63.6,204英语二,78.6,302数学二,127.9,827自动控制理论基础,131.2,436.0,377.0,412.3,,204英语二,,302数学二,,827自动控制理论基础,,20260818_002109_27考研择校宝典_录取数据表_0815.xlsx
2026,东北林业大学,085510,机器人工程,008 机电工程学院,33,41,33,1.24,431.0,274.0,338.3,67.7,204英语二,66.9,302数学二,91.5,828自动控制理论（含现代部分）,112.3,431.0,278.0,346.6,,204英语二,,302数学二,,828自动控制理论（含现代部分）,,20260818_002109_27考研择校宝典_录取数据表_0815.xlsx
2026,东北林业大学,081100,控制科学与工程,012 计算机与控制工程学院,30,33,30,1.1,377.0,269.0,325.8,69.1,201英语一,54.4,301数学一,88.6,828自动控制理论（含现代部分）,113.7,377.0,269.0,327.8,,201英语一,,301数学一,,828自动控制理论（含现代部分）,,20260818_002109_27考研择校宝典_录取数据表_0815.xlsx
2026,东北林业大学,085406,控制工程,012 计算机与控制工程学院,79,95,79,1.2,417.0,342.0,368.0,70.0,204英语二,70.1,302数学二,111.0,828自动控制理论（含现代部分）,116.9,417.0,342.0,371.0,,204英语二,,302数学二,,828自动控制理论（含现代部分）,,20260818_002109_27考研择校宝典_录取数据表_0815.xlsx
2026,内蒙古大学,085406,控制工程,056 电子信息工程学院,89,119,99,1.2,425.0,253.0,327.7,64.2,204英语二,68.3,302数学二,98.6,867自动控制原理,101.1,425.0,253.0,332.5,,204英语二,,302数学二,,867自动控制原理,,20260818_002109_27考研择校宝典_录取数据表_0815.xlsx
2026,贵州大学,081100,控制科学与工程,118 电气工程学院,16,34,24,1.54,372.0,258.0,302.1,64.7,201英语一,48.6,301数学一,77.7,837自动控制理论,111.0,347.0,258.0,304.2,,201英语一,,301数学一,,837自动控制理论,,20260818_002109_27考研择校宝典_录取数据表_0815.xlsx
2026,北京工业大学,081100,控制科学与工程,087 信息科学技术学院,54,75,54,1.38,410.0,333.0,358.9,58.9,201英语一,65.3,301数学一,109.3,821自动控制原,125.4,410.0,338.0,365.2,,201英语一,,301数学一,,821自动控制原,,20260818_002109_27考研择校宝典_录取数据表_0815.xlsx
2026,北京工业大学,085406,控制工程,087 信息科学技术学院,78,106,78,1.36,426.0,371.0,391.8,59.7,204英语二,78.0,302数学二,128.0,821自动控制原理,126.1,426.0,371.0,395.6,,204英语二,,302数学二,,821自动控制原理,,20260818_002109_27考研择校宝典_录取数据表_0815.xlsx
2026,合肥工业大学,085406,控制工程,021 卓越工程师学院,4,9,7,1.29,383.0,303.0,338.55,65.8,204英语二,81.8,302数学二,131.1,834自动控制原理,129.9,383.0,327.0,347.7,,204英语二,,302数学二,,834自动控制原理,,20260818_002109_27考研择校宝典_录取数据表_0815.xlsx
2026,合肥工业大学,081100,控制科学与工程,004 电气与自动化工程学院,14,24,18,1.33,419.0,344.0,374.7,63.1,201英语一,69.3,301数学一,123.1,834自动控制原理,128.8,419.0,355.0,382.7,,201英语一,,301数学一,,834自动控制原理,,20260818_002109_27考研择校宝典_录取数据表_0815.xlsx
2026,合肥工业大学,085406,控制工程,004 电气与自动化工程学院,19,40,30,1.44,445.0,394.0,410.8,65.8,204英语二,81.8,302数学二,131.1,834自动控制原理,129.9,445.0,352.0,413.6,,204英语二,,302数学二,,834自动控制原理,,20260818_002109_27考研择校宝典_录取数据表_0815.xlsx
2026,苏州大学,081100,控制科学与工程,019 机电工程学院,6,8,6,1.33,378.0,324.0,353.4,59.5,201英语一,65.8,301数学一,111.2,842自动控制原理,116.9,378.0,325.0,360.5,,201英语一,,301数学一,,842自动控制原理,,20260818_002109_27考研择校宝典_录取数据表_0815.xlsx
2026,苏州大学,085406,控制工程,019 机电工程学院,21,29,21,1.38,424.0,363.0,385.2,63.7,204英语二,78.1,302数学二,127.6,842自动控制原理,115.8,424.0,372.0,391.1,,204英语二,,302数学二,,842自动控制原理,,20260818_002109_27考研择校宝典_录取数据表_0815.xlsx
2026,苏州大学,085407,仪器仪表工程,019 机电工程学院,17,23,17,1.35,409.0,353.0,370.3,63.0,204英语二,78.3,302数学二,122.1,842自动控制原理,106.9,409.0,355.0,375.1,,204英语二,,302数学二,,842自动控制原理,,20260818_002109_27考研择校宝典_录取数据表_0815.xlsx
2026,北京科技大学,081100,控制科学与工程,050 自动化学院,18,24,17,1.41,411.0,358.0,374.29,60.8,201英语一,65.7,301数学一,119.8,851自动控制原理,128.0,411.0,358.0,378.47,,201英语一,,301数学一,,851自动控制原理,,20260818_002109_27考研择校宝典_录取数据表_0815.xlsx
2026,北京科技大学,085406,控制工程,050 自动化学院,32,49,33,1.48,406.0,355.0,374.82,60.5,201英语一,65.5,301数学一,120.7,851自动控制原理,128.1,406.0,355.0,379.82,,201英语一,,301数学一,,851自动控制原理,,20260818_002109_27考研择校宝典_录取数据表_0815.xlsx
2026,北京科技大学,0811J1,人工智能科学与工程,055 智能科学与技术学院,12,8,8,1.0,366.0,275.0,326.13,56.13,201英语一,59.13,301数学一,99.63,851自动控制原理,111.3,366.0,275.0,326.13,,201英语一,,301数学一,,851自动控制原理,,20260818_002109_27考研择校宝典_录取数据表_0815.xlsx
2026,北京科技大学,085406,控制工程,055 智能科学与技术学院,21,35,23,1.52,408.0,336.0,361.89,59.1,201英语一,67.7,301数学一,110.2,851自动控制原理,124.9,408.0,341.0,369.65,,201英语一,,301数学一,,851自动控制原理,,20260818_002109_27考研择校宝典_录取数据表_0815.xlsx
2026,北京科技大学,080200,机械工程,120 国家材料服役安全科学中心,1,1,1,1.0,,,,,201英语一,,301数学一,,813机械综合(包括机械设计和自动控制原理),,,,,,201英语一,,301数学一,,813机械综合(包括机械设计和自动控制原理),,20260818_002109_27考研择校宝典_录取数据表_0815.xlsx
2026,北京科技大学,081100,控制科学与工程,120 国家材料服役安全科学中心,1,0,0,,,,,,201英语一,,301数学一,,851自动控制原理,,,,,,201英语一,,301数学一,,851自动控制原理,,20260818_002109_27考研择校宝典_录取数据表_0815.xlsx
2026,北京科技大学,085406,控制工程,120 国家材料服役安全科学中心,1,0,0,,,,,,201英语一,,301数学一,,851自动控制原理,,,,,,201英语一,,301数学一,,851自动控制原理,,20260818_002109_27考研择校宝典_录取数据表_0815.xlsx
2026,北京科技大学,085501,机械工程,120 国家材料服役安全科学中心,1,0,0,,,,,,204英语二,,302数学二,,13 机械综合(包括机械设计和自动控制原理),,,,,,204英语二,,302数学二,,13 机械综合(包括机械设计和自动控制原理),,20260818_002109_27考研择校宝典_录取数据表_0815.xlsx
2026,北京科技大学,080200,机械工程,140 工程技术研究院,2,0,0,,,,,,201英语一,,301数学一,,813 机械综合(包括机械设计和自动控制原理),,,,,,201英语一,,301数学一,,813 机械综合(包括机械设计和自动控制原理),,20260818_002109_27考研择校宝典_录取数据表_0815.xlsx
2026,北京科技大学,081100,控制科学与工程,140 工程技术研究院,3,2,,,,,,,201英语一,,301数学一,,851自动控制原理,,,,,,201英语一,,301数学一,,851自动控制原理,,20260818_002109_27考研择校宝典_录取数据表_0815.xlsx
2026,北京科技大学,085406,控制工程,140 工程技术研究院,4,2,,,,,,,201英语一,,301数学一,,851自动控制原理,,,,,,201英语一,,301数学一,,851自动控制原理,,20260818_002109_27考研择校宝典_录取数据表_0815.xlsx
2026,北京科技大学,085501,机械工程,140 工程技术研究院,4,0,0,,,,,,204英语二,,302数学二,,813机械综合(包括机械设计和自动控制原理),,,,,,204英语二,,302数学二,,813机械综合(包括机械设计和自动控制原理),,20260818_002109_27考研择校宝典_录取数据表_0815.xlsx
2026,北京科技大学,085406,控制工程,210 顺德创新学院,8,0,7,,,,,,201英语一,,301数学一,,851自动控制原理,,,,,,201英语一,,301数学一,,851自动控制原理,,20260818_002109_27考研择校宝典_录取数据表_0815.xlsx
2026,北京科技大学,085501,机械工程,210 顺德创新学院,13,15,,,,,,,204英语二,,302数学二,,813机械综合(包括机械设计和自动控制原理),,,,,,204英语二,,302数学二,,813机械综合(包括机械设计和自动控制原理),,20260818_002109_27考研择校宝典_录取数据表_0815.xlsx
2026,北京科技大学,080200,机械工程,160 钢铁共性技术协同创新中心,1,0,0,,,,,,201英语一,,301数学一,,813 机械综合(包括机械设计和自动控制原理),,,,,,201英语一,,301数学一,,813 机械综合(包括机械设计和自动控制原理),,20260818_002109_27考研择校宝典_录取数据表_0815.xlsx
2026,北京科技大学,085501,机械工程,160 钢铁共性技术协同创新中心,2,1,1,1.0,,,,,204英语二,,302数学二,,813机械综合(包括机械设计和自动控制原理),,,,,,204英语二,,302数学二,,813机械综合(包括机械设计和自动控制原理),,20260818_002109_27考研择校宝典_录取数据表_0815.xlsx
2026,北京科技大学,080200,机械工程,040 机械工程学院,13,22,,,,,,,201英语一,,301数学一,,813机械综合(包括机械设计和自动控制原理),,,,,,201英语一,,301数学一,,813机械综合(包括机械设计和自动控制原理),,20260818_002109_27考研择校宝典_录取数据表_0815.xlsx
2026,北京科技大学,085501,机械工程,040 机械工程学院,55,71,,,,,,,204英语二,,302数学二,,813机械综合(包括机械设计和自动控制原理),,,,,,204英语二,,302数学二,,813机械综合(包括机械设计和自动控制原理),,20260818_002109_27考研择校宝典_录取数据表_0815.xlsx
2026,北京科技大学,085502,车辆工程,040 机械工程学院,9,15,,,,,,,204英语二,,302数学二,,813机械综合(包括机械设计和自动控制原理),,,,,,204英语二,,302数学二,,813机械综合(包括机械设计和自动控制原理),,20260818_002109_27考研择校宝典_录取数据表_0815.xlsx
2026,北京邮电大学,081100,控制科学与工程,007 智能工程与自动化学院,29,37,29,1.28,405.0,334.0,357.6,58.8,201英语一,65.3,301数学一,109.0,810控制工程基础,124.5,405.0,335.0,360.7,,201英语一,,301数学一,,810控制工程基础,,20260818_002109_27考研择校宝典_录取数据表_0815.xlsx
2026,北京邮电大学,085406,控制工程,007 智能工程与自动化学院,22,28,22,1.27,388.0,277.0,323.9,56.3,201英语一,59.0,301数学一,99.4,810控制工程基础,109.2,388.0,277.0,329.5,,201英语一,,301数学一,,810控制工程基础,,20260818_002109_27考研择校宝典_录取数据表_0815.xlsx
2026,北京交通大学,081100,控制科学与工程,101 自动化与智能学院,8,10,8,1.25,358.0,285.0,315.4,57.5,201英语一,61.0,301数学一,85.3,801自动控制综合,111.6,358.0,285.0,320.9,,201英语一,,301数学一,,801自动控制综合,,20260818_002109_27考研择校宝典_录取数据表_0815.xlsx
2026,北京交通大学,082302,交通信息工程及控制,101 自动化与智能学院,20,27,21,1.29,398.0,283.0,333.1,57.7,201英语一,61.0,301数学一,97.8,801自动控制综合,116.6,398.0,283.0,343.1,,201英语一,,301数学一,,801自动控制综合,,20260818_002109_27考研择校宝典_录取数据表_0815.xlsx
2026,北京交通大学,0823J1,低空技术与工程,101 自动化与智能学院,5,5,5,1.0,337.0,264.0,305.6,53.8,201英语一,56.6,301数学一,86.6,801自动控制综合,108.6,337.0,264.0,305.6,,201英语一,,301数学一,,801自动控制综合,,20260818_002109_27考研择校宝典_录取数据表_0815.xlsx
2026,北京交通大学,140500,智能科学与技术,101 自动化与智能学院,12,15,13,1.15,395.0,275.0,328.2,56.5,201英语一,60.1,301数学一,92.7,801自动控制综合,118.9,395.0,275.0,333.6,,201英语一,,301数学一,,801自动控制综合,,20260818_002109_27考研择校宝典_录取数据表_0815.xlsx
2026,北京交通大学,085401,新一代电子信息技术,101 自动化与智能学院,3,3,3,1.0,390.0,276.0,335.3,58.0,201英语一,61.0,301数学一,98.3,801自动控制综合,118.0,390.0,276.0,335.3,,201英语一,,301数学一,,801自动控制综合,,20260818_002109_27考研择校宝典_录取数据表_0815.xlsx
2026,北京交通大学,085406,控制工程,101 自动化与智能学院,48,59,51,1.16,399.0,247.0,340.4,56.8,201英语一,61.2,301数学一,100.8,801自动控制综合,121.6,399.0,247.0,344.6,,201英语一,,301数学一,,801自动控制综合,,20260818_002109_27考研择校宝典_录取数据表_0815.xlsx
2026,北京交通大学,085410,人工智能,101 自动化与智能学院,32,40,33,1.21,400.0,285.0,337.6,55.5,204英语二,71.3,302数学二,101.4,801自动控制综合,109.4,400.0,288.0,346.0,,204英语二,,302数学二,,801自动控制综合,,20260818_002109_27考研择校宝典_录取数据表_0815.xlsx
2026,河北工业大学,081100,控制科学与工程,028 人工智能与数据科学学院,50,69,50,1.38,412.0,318.0,345.0,57.5,201英语一,61.3,301数学一,102.2,897自动控制理论（含经典及现代控制理论）,120.4,412.0,324.0,352.1,,201英语一,,301数学一,,897自动控制理论（含经典及现代控制理论）,,20260818_002109_27考研择校宝典_录取数据表_0815.xlsx
2026,河北工业大学,085406,控制工程,028 人工智能与数据科学学院,54,68,52,1.31,394.0,315.0,345.7,58.7,201英语一,63.0,301数学一,101.0,897自动控制理论（含经典及现代控制理论）,122.7,394.0,315.0,350.6,,201英语一,,301数学一,,897自动控制理论（含经典及现代控制理论）,,20260818_002109_27考研择校宝典_录取数据表_0815.xlsx
2026,武汉理工大学,081100,控制科学与工程,011 自动化学院,30,26,26,1.0,432.0,317.0,381.8,62.4,201英语一,68.8,301数学一,126.6,848自动控制原理,129.1,432.0,317.0,381.8,,201英语一,,301数学一,,848自动控制原理,,20260818_002109_27考研择校宝典_录取数据表_0815.xlsx
2026,武汉理工大学,085400,电子信息（02、03方向）,011 自动化学院,62,60,60,1.0,436.0,382.0,399.2,64.3,204英语二,78.4,302数学二,138.4,848自动控制原理,127.7,436.0,382.0,399.2,,204英语二,,302数学二,,848自动控制原理,,20260818_002109_27考研择校宝典_录取数据表_0815.xlsx
2026,武汉理工大学,080400,仪器科学与技术,006 机电工程学院,23,31,30,1.03,413.0,319.0,355.3,61.0,201英语一,63.0,301数学一,114.8,840控制工程基础,125.5,413.0,319.0,356.5,,201英语一,,301数学一,,840控制工程基础,,20260818_002109_27考研择校宝典_录取数据表_0815.xlsx
2026,武汉理工大学,082400,船舶与海洋工程,004 船海与能源动力工程学院,134,86,85,1.01,408.0,270.0,330.2,59.6,201英语一,61.5,301数学一,101.4,848自动控制原理,116.2,408.0,270.0,330.7,,201英语一,,301数学一,,848自动控制原理,,20260818_002109_27考研择校宝典_录取数据表_0815.xlsx
2026,武汉理工大学,085800,能源动力,004 船海与能源动力工程学院,103,122,122,1.0,417.0,254.0,370.6,59.1,204英语二,70.6,302数学二,115.7,848自动控制原理,108.8,417.0,254.0,370.6,,204英语二,,302数学二,,848自动控制原理,,20260818_002109_27考研择校宝典_录取数据表_0815.xlsx
2026,武汉理工大学,085400,电子信息,024 国家卓越工程师学院,19,3,3,1.0,,,,,204英语二,,302数学二,,848自动控制原理,,,,,,204英语二,,302数学二,,848自动控制原理,,20260818_002109_27考研择校宝典_录取数据表_0815.xlsx
2026,南昌大学,081100,控制科学与工程,010 信息工程学院,13,24,17,1.41,409.0,319.0,343.2,61.8,201英语一,66.8,301数学一,113.8,873自动控制理论,100.8,409.0,327.0,349.3,,201英语一,,301数学一,,873自动控制理论,,20260818_002109_27考研择校宝典_录取数据表_0815.xlsx
2026,南昌大学,085406,控制工程,010 信息工程学院,54,77,59,1.31,427.0,359.0,377.2,62.2,204英语二,75.3,302数学二,132.7,873自动控制理论,107.1,427.0,359.0,381.7,,204英语二,,302数学二,,873自动控制理论,,20260818_002109_27考研择校宝典_录取数据表_0815.xlsx
2026,安徽大学,081100,控制科学与工程,022 电气工程与自动化学院,30,36,36,1.0,395.0,316.0,344.1,62.9,201英语一,64.9,301数学一,111.0,831自动控制理论,105.3,395.0,316.0,344.1,,201英语一,,301数学一,,831自动控制理论,,20260818_002109_27考研择校宝典_录取数据表_0815.xlsx
2026,安徽大学,085406,控制工程,022 电气工程与自动化学院,90,124,114,1.09,401.0,292.0,323.4,62.6,201英语一,62.1,301数学一,101.0,831自动控制理论,97.8,401.0,292.0,325.5,,201英语一,,301数学一,,831自动控制理论,,20260818_002109_27考研择校宝典_录取数据表_0815.xlsx
2026,安徽大学,081100,控制科学与工程,026 人工智能学院,20,23,23,1.0,381.0,291.0,325.8,63.4,201英语一,59.2,301数学一,101.6,831自动控制理论,101.6,381.0,291.0,325.8,,201英语一,,301数学一,,831自动控制理论,,20260818_002109_27考研择校宝典_录取数据表_0815.xlsx
2026,安徽大学,085406,控制工程,026 人工智能学院,48,64,63,1.02,402.0,296.0,327.2,62.3,201英语一,61.5,301数学一,105.6,831自动控制理论,97.8,402.0,296.0,327.5,,201英语一,,301数学一,,831自动控制理论,,20260818_002109_27考研择校宝典_录取数据表_0815.xlsx
2026,安徽大学,085406,控制工程,033 滁州研究院,12,2,2,1.0,,,,,201英语一,,301数学一,,831自动控制理论,,,,,,201英语一,,301数学一,,831自动控制理论,,20260818_002109_27考研择校宝典_录取数据表_0815.xlsx
2026,华北电力大学（北京）,081100,控制科学与工程,004 控制与计算机工程学院,20,58,46,1.26,400.0,317.0,342.0,57.9,201英语一,64.4,301数学一,110.5,841自动控制理论基础,109.2,400.0,320.0,346.3,,201英语一,,301数学一,,841自动控制理论基础,,20260818_002109_27考研择校宝典_录取数据表_0815.xlsx
2026,华北电力大学（北京）,085406,控制工程,004 控制与计算机工程学院,80,166,125,1.33,429.0,273.0,365.1,57.9,204英语二,75.9,302数学二,124.5,841自动控制理论基础,106.8,429.0,403.0,411.9,,204英语二,,302数学二,,841自动控制理论基础,,20260818_002109_27考研择校宝典_录取数据表_0815.xlsx
2026,华北电力大学（北京）,085406,控制工程,016 国家卓越工程师学院,10,10,10,1.0,,,,,204英语二,,302数学二,,841自动控制理论基础,,,,,,204英语二,,302数学二,,841自动控制理论基础,,20260818_002109_27考研择校宝典_录取数据表_0815.xlsx
2026,华北电力大学（保定）,081100,控制科学与工程,009 自动化系,55,83,55,1.51,421.0,294.0,329.0,59.1,201英语一,64.2,301数学一,105.9,841自动控制理论,99.9,421.0,305.0,340.9,,201英语一,,301数学一,,841自动控制理论,,20260818_002109_27考研择校宝典_录取数据表_0815.xlsx
2026,华北电力大学（保定）,085406,控制工程,009 自动化系,112,168,112,1.5,447.0,265.0,364.0,59.2,204英语二,77.3,302数学二,126.7,841自动控制理论,100.8,447.0,266.0,373.4,,204英语二,,302数学二,,841自动控制理论,,20260818_002109_27考研择校宝典_录取数据表_0815.xlsx
2026,中国石油大学（北京）,081100,控制科学与工程,008 人工智能学院,14,16,16,1.0,388.0,270.0,327.4,58.6,201英语一,58.2,301数学一,97.8,854自动控制理论,112.8,388.0,270.0,327.4,,201英语一,,301数学一,,854自动控制理论,,20260818_002109_27考研择校宝典_录取数据表_0815.xlsx
2026,中国石油大学（北京）,085406,控制工程,008 人工智能学院,13,17,12,1.42,429.0,385.0,400.6,59.8,204英语二,76.8,302数学二,132.5,854自动控制理论,131.6,429.0,389.0,406.8,,204英语二,,302数学二,,854自动控制理论,,20260818_002109_27考研择校宝典_录取数据表_0815.xlsx
2026,中国石油大学（北京）,085406,控制工程,031 克拉玛依工学院,3,5,4,1.25,381.0,269.0,300.2,55.2,204英语二,66.2,302数学二,90.4,854自动控制理论,88.4,381.0,278.0,308.0,,204英语二,,302数学二,,854自动控制理论,,20260818_002109_27考研择校宝典_录取数据表_0815.xlsx
2026,福州大学,081100,控制科学与工程,001 电气工程与自动化学院,12,27,22,1.23,383.0,300.0,343.8,,201英语一,,301数学一,,812自动控制理论,,383.0,320.0,349.1,,201英语一,,301数学一,,812自动控制理论,,20260818_002109_27考研择校宝典_录取数据表_0815.xlsx
2026,福州大学,085406,控制工程,001 电气工程与自动化学院,24,67,56,1.2,437.0,255.0,391.8,,204英语二,,302数学二,,812自动控制理论,,437.0,255.0,394.0,,204英语二,,302数学二,,812自动控制理论,,20260818_002109_27考研择校宝典_录取数据表_0815.xlsx
2026,福州大学,085406,控制工程,085 先进制造学院(海西联培),15,21,16,1.2,421.0,305.0,329.42,,204英语二,,302数学二,,812自动控制理论,,421.0,320.0,336.7,,204英语二,,302数学二,,812自动控制理论,,20260818_002109_27考研择校宝典_录取数据表_0815.xlsx
2026,南京理工大学,081100,控制科学与工程,110 自动化学院,27,52,40,1.3,421.0,340.0,366.0,64.0,201英语一,70.0,301数学一,124.0,873自动控制理论,113.0,421.0,340.0,371.4,,201英语一,,301数学一,,873自动控制理论,,20260818_002109_27考研择校宝典_录取数据表_0815.xlsx
2026,南京理工大学,085406,控制工程,110 自动化学院,88,196,124,1.56,427.0,295.0,380.5,64.0,204英语二,78.0,302数学二,129.0,873自动控制理论,108.0,427.0,299.0,386.2,,204英语二,,302数学二,,873自动控制理论,,20260818_002109_27考研择校宝典_录取数据表_0815.xlsx
2026,南京理工大学,086100,交通运输,110 自动化学院,9,11,9,1.22,367.0,305.0,338.0,61.8,204英语二,76.0,302数学二,114.5,873自动控制理论,85.9,367.0,305.0,343.0,,204英语二,,302数学二,,873自动控制理论,,20260818_002109_27考研择校宝典_录取数据表_0815.xlsx
2026,江南大学,085510,机器人工程,039 智能制造学院,9,15,9,1.67,404.5,389.0,404.5,,204英语二,,302数学二,,807自动控制原理,,434.0,389.0,403.9,,204英语二,,302数学二,,807自动控制原理,,20260818_002109_27考研择校宝典_录取数据表_0815.xlsx
2026,江南大学,085406,控制工程,019 物联网工程学院,55,79,57,1.39,447.0,399.0,416.4,,204英语二,,302数学二,,807自动控制原理,,447.0,400.0,419.4,,204英语二,,302数学二,,807自动控制原理,,20260818_002109_27考研择校宝典_录取数据表_0815.xlsx
2026,江南大学,080800,电气工程,019 物联网工程学院,8,10,8,1.25,406.0,269.0,341.0,,201英语一,,301数学一,,807自动控制原理,,406.0,301.0,353.8,,201英语一,,301数学一,,807自动控制原理,,20260818_002109_27考研择校宝典_录取数据表_0815.xlsx
2026,江南大学,085801,电气工程,019 物联网工程学院,22,29,21,1.26,437.0,390.0,407.0,,204英语二,,302数学二,,807自动控制原理,,437.0,390.0,411.0,,204英语二,,302数学二,,807自动控制原理,,20260818_002109_27考研择校宝典_录取数据表_0815.xlsx
2026,江南大学,081100,控制科学与工程,019 物联网工程学院,27,34,27,1.375,422.0,355.0,381.4,,201英语一,,301数学一,,807自动控制原理,,422.0,361.0,385.9,,201英语一,,301数学一,,807自动控制原理,,20260818_002109_27考研择校宝典_录取数据表_0815.xlsx
2026,中国石油大学（华东）,081100,控制科学与工程,005 控制科学与工程学院,13,16,13,1.23,436.0,352.0,378.9,56.6,201英语一,66.3,301数学一,120.5,829自动控制理论,135.6,436.0,352.0,382.3,,201英语一,,301数学一,,829自动控制理论,,20260818_002109_27考研择校宝典_录取数据表_0815.xlsx
2026,中国石油大学（华东）,085406,控制工程,005 控制科学与工程学院,25,32,25,1.28,418.0,376.0,393.6,54.5,204英语二,76.2,302数学二,131.0,829自动控制理论,131.9,418.0,376.0,395.9,,204英语二,,302数学二,,829自动控制理论,,20260818_002109_27考研择校宝典_录取数据表_0815.xlsx
2026,西安电子科技大学,080800,电气工程,004 机电工程学院,5,10,7,1.43,383.0,301.0,338.1,63.4,201英语一,66.3,301数学一,117.1,843自动控制原理,90.4,383.0,323.0,350.4,,201英语一,,301数学一,,843自动控制原理,,20260818_002109_27考研择校宝典_录取数据表_0815.xlsx
2026,西安电子科技大学,081100,控制科学与工程,004 机电工程学院,18,33,21,1.57,414.0,355.0,374.7,60.3,201英语一,57.5,301数学一,115.9,843自动控制原理,100.1,414.0,355.0,381.0,,201英语一,,301数学一,,843自动控制原理,,20260818_002109_27考研择校宝典_录取数据表_0815.xlsx
2026,西安电子科技大学,085406,控制工程,004 机电工程学院,18,27,18,1.5,391.0,355.0,370.3,64.0,201英语一,67.7,301数学一,124.7,843自动控制原理,113.9,391.0,360.0,370.8,,201英语一,,301数学一,,843自动控制原理,,20260818_002109_27考研择校宝典_录取数据表_0815.xlsx
2026,长安大学,081100,控制科学与工程,005 电子与控制工程学院,14,21,16,1.31,399.0,349.0,366.0,63.1,201英语一或202俄语或203日语,62.4,301数学一,112.0,812自动控制理论,128.4,399.0,352.0,369.9,,201英语一或202俄语或203日语,,301数学一,,812自动控制理论,,20260818_002109_27考研择校宝典_录取数据表_0815.xlsx
2026,长安大学,085406,控制工程,005 电子与控制工程学院,62,86,66,1.31,419.0,355.0,380.2,62.8,202俄语或203日语或204英语二,71.9,302数学二,122.2,812自动控制理论,123.2,419.0,355.0,385.3,,202俄语或203日语或204英语二,,302数学二,,812自动控制理论,,20260818_002109_27考研择校宝典_录取数据表_0815.xlsx
2026,长安大学,082300,交通运输工程,005 电子与控制工程学院,8,7,6,1.17,361.0,273.0,327.7,62.7,201英语一或202俄语或203日语,57.0,301数学一,101.0,812自动控制理论,107.0,361.0,273.0,328.3,,201英语一或202俄语或203日语,,301数学一,,812自动控制理论,,20260818_002109_27考研择校宝典_录取数据表_0815.xlsx
2026,长安大学,086100,交通运输,005 电子与控制工程学院,28,35,27,1.3,417.0,278.0,349.7,61.8,202俄语或203日语或204英语二,69.5,302数学二,104.2,812自动控制理论,114.1,417.0,330.0,366.3,,202俄语或203日语或204英语二,,302数学二,,812自动控制理论,,20260818_002109_27考研择校宝典_录取数据表_0815.xlsx
2026,长安大学,085403,集成电路工程,005 电子与控制工程学院,7,2,2,1.0,386.0,362.0,374.0,,202俄语或203日语或204英语二,,302数学二,,812自动控制理论,,,,,,202俄语或203日语或204英语二,,302数学二,,812自动控制理论,,20260818_002109_27考研择校宝典_录取数据表_0815.xlsx
2026,郑州大学,081100,控制科学与工程,085 电气与信息工程学院,21,26,23,1.13,402.0,338.0,361.5,,201英语一,,301数学一,,832自动控制理论,,,,,,201英语一,,301数学一,,832自动控制理论,,20260818_002109_27考研择校宝典_录取数据表_0815.xlsx
2026,郑州大学,085406,控制工程,085 电气与信息工程学院,53,70,58,1.206,439.0,374.0,397.3,,204英语二,,302数学二,,832自动控制理论,,,,,,204英语二,,302数学二,,832自动控制理论,,20260818_002109_27考研择校宝典_录取数据表_0815.xlsx
2026,中国矿业大学（徐州）,081100,控制科学与工程,006 信息与控制工程学院,12,20,12,1.67,381.0,331.0,349.6,65.0,201英语一,58.0,301数学一,106.0,868自动控制原理,109.0,381.0,332.0,356.4,,201英语一,,301数学一,,868自动控制原理,,20260818_002109_27考研择校宝典_录取数据表_0815.xlsx
2026,中国矿业大学（徐州）,085406,控制工程,006 信息与控制工程学院,37,67,44,1.52,396.0,212.0,349.0,63.3,204英语二,79.2,302数学二,136.3,868自动控制原理,125.3,396.0,212.0,359.0,,204英语二,,302数学二,,868自动控制原理,,20260818_002109_27考研择校宝典_录取数据表_0815.xlsx
2026,北京化工大学,081100,控制科学与工程,004 信息科学与技术学院,35,45,35,1.239,414.0,280.0,342.3,57.6,201英语一,62.3,301数学一,107.4,841自动控制原理,114.9,414.0,280.0,345.0,,201英语一,,301数学一,,841自动控制原理,,20260818_002109_27考研择校宝典_录取数据表_0815.xlsx
2026,北京化工大学,085406,控制工程,004 信息科学与技术学院,34,46,34,1.35,404.0,300.0,347.3,56.7,204英语二,72.8,301数学一,104.8,841自动控制原理,113.0,404.0,311.0,357.2,,204英语二,,301数学一,,841自动控制原理,,20260818_002109_27考研择校宝典_录取数据表_0815.xlsx
2026,北京林业大学,085400,电子信息,003 工学院,24,64,47,1.36,377.0,291.0,326.9,,201英语一,,301数学一,,855自动控制原理,,377.0,299.0,336.9,,201英语一,,301数学一,,855自动控制原理,,20260818_002109_27考研择校宝典_录取数据表_0815.xlsx
2026,太原理工大学,081100,控制科学与工程,003 电气与动力工程学院、煤电清洁智能控制教育部重点实验室,8,7,6,1.17,373.0,296.0,335.9,61.6,201英语一,67.9,301数学一,88.9,830自动控制理论,117.6,373.0,311.0,342.5,,201英语一,,301数学一,,830自动控制理论,,20260818_002109_27考研择校宝典_录取数据表_0815.xlsx
2026,太原理工大学,085406,控制工程,003 电气与动力工程学院、煤电清洁智能控制教育部重点实验室,21,51,38,1.34,417.0,370.0,387.7,60.2,204英语二,72.6,301数学二,127.0,830自动控制理论,127.9,417.0,370.0,391.4,,204英语二,,301数学二,,830自动控制理论,,20260818_002109_27考研择校宝典_录取数据表_0815.xlsx
2026,南京航空航天大学,081100,控制科学与工程,003 自动化学院,39,60,41,1.46,418.0,362.0,377.7,65.3,201英语一,70.8,301数学一,125.5,820自动控制原理,116.2,418.0,362.0,380.0,,201英语一,,301数学一,,820自动控制原理,,20260818_002109_27考研择校宝典_录取数据表_0815.xlsx
2026,南京航空航天大学,082600,兵器科学与技术,003 自动化学院,15,24,15,1.6,395.0,290.0,325.7,61.8,201英语一,61.8,301数学一,95.9,820自动控制原理,106.2,395.0,292.0,334.9,,201英语一,,301数学一,,820自动控制原理,,20260818_002109_27考研择校宝典_录取数据表_0815.xlsx
2026,南京航空航天大学,085406,控制工程,003 自动化学院,64,101,68,1.49,418.0,318.0,379.8,63.82,201英语一,60.12,302数学二,132.6,820自动控制原理,113.0,418.0,318.0,383.4,,201英语一,,302数学二,,820自动控制原理,,20260818_002109_27考研择校宝典_录取数据表_0815.xlsx
2026,南京航空航天大学,0802J2,航天仿生科学与技术,005 机电学院,1,1,1,1.0,,,,,201英语一,,301数学一,,820自动控制原理,,,,,,201英语一,,301数学一,,820自动控制原理,,20260818_002109_27考研择校宝典_录取数据表_0815.xlsx
2026,南京航空航天大学,081100,控制科学与工程,015 航天学院,19,25,19,1.32,399.0,267.0,326.6,62.7,201英语一,60.0,301数学一,92.2,879电子技术基础,111.6,399.0,267.0,334.1,,201英语一,,301数学一,,879电子技术基础,,20260818_002109_27考研择校宝典_录取数据表_0815.xlsx
2026,南京航空航天大学,085400,电子信息01航天光电信息,015 航天学院,37,44,37,1.19,411.0,264.0,341.2,61.3,201英语一,61.2,302数学二,103.9,879电子技术基础,114.8,411.0,273.0,345.0,,201英语一,,302数学二,,879电子技术基础,,20260818_002109_27考研择校宝典_录取数据表_0815.xlsx
2026,南京航空航天大学,085400,电子信息02飞行器导航制导与控制,015 航天学院,32,44,32,1.38,418.0,281.0,348.2,61.6,201英语一,62.1,302数学二,108.6,879电子技术基础,115.9,418.0,291.0,362.7,,201英语一,,302数学二,,879电子技术基础,,20260818_002109_27考研择校宝典_录取数据表_0815.xlsx
2026,南京林业大学,081100,控制科学与工程,003 机械电子工程学院,8,4,4,1.0,370.0,287.0,318.0,,201英语一,,301数学一,,834自动控制原理,,370.0,287.0,318.0,,201英语一,,301数学一,,834自动控制原理,,20260818_002109_27考研择校宝典_录取数据表_0815.xlsx
2026,南京林业大学,085406,控制工程,003 机械电子工程学院,16,53,29,1.83,416.0,264.0,329.9,,204英语二,,302数学二,,834自动控制原理,,416.0,2778.0,349.4,,204英语二,,302数学二,,834自动控制原理,,20260818_002109_27考研择校宝典_录取数据表_0815.xlsx
2026,海南大学,085406,控制工程,802 机电工程学院,24,32,,,442.0,376.0,398.1,71.9,204英语二,74.2,302数学二,120.9,899自动控制原理,131.0,,,,,204英语二,,302数学二,,899自动控制原理,,20260818_002109_27考研择校宝典_录取数据表_0815.xlsx
2026,海南大学,085407,仪器仪表工程,707 海洋科学与工程学院,14,30,,,425.0,288.0,347.8,68.5,204英语二,70.3,302数学二,93.2,899自动控制原理,115.8,,,,,204英语二,,302数学二,,899自动控制原理,,20260818_002109_27考研择校宝典_录取数据表_0815.xlsx
2026,新疆大学,081100,控制科学与工程,401 智能科学与技术学院,36,21,21,1.0,375.0,259.0,297.2,57.0,201英语一,45.7,301数学一,74.7,842自动控制理论（含现控）,119.9,375.0,259.0,297.2,,201英语一,,301数学一,,842自动控制理论（含现控）,,20260818_002109_27考研择校宝典_录取数据表_0815.xlsx
2026,新疆大学,085400,电子信息01控制工程,401 智能科学与技术学院,75,69,50,1.38,404.0,266.0,347.9,69.0,204英语二,50.0,302数学二,72.46,842自动控制理论（含现控）,,404.0,320.0,356.5,,204英语二,,302数学二,,842自动控制理论（含现控）,,20260818_002109_27考研择校宝典_录取数据表_0815.xlsx
2026,中国科学院大学,080202,机械电子工程,188 深海科学与工程研究所,2,,3,,,,,,201英语一,,301数学一,,857自动控制理论,,,,,,201英语一,,301数学一,,857自动控制理论,,20260818_002109_27考研择校宝典_录取数据表_0815.xlsx
2026,中国科学院大学,082501,飞行器设计,193 微小卫星创新研究院,1,4,1,4.0,,,,,201英语一,,301数学一,,857自动控制理论,,,,,,201英语一,,301数学一,,857自动控制理论,,20260818_002109_27考研择校宝典_录取数据表_0815.xlsx
2026,中国科学院大学,085406,控制工程,193 微小卫星创新研究院,1,9,6,1.5,384.0,290.0,335.89,56.11,204英语二,69.78,302数学二,105.0,857自动控制理论,105.0,384.0,290.0,345.0,,204英语二,,302数学二,,857自动控制理论,,20260818_002109_27考研择校宝典_录取数据表_0815.xlsx
2026,中国科学院沈阳自动化研究所,080202,机械电子工程,147 沈阳自动化研究所,1,0,0,,,,,,201英语一,,301数学一,,857自动控制原理,,,,,,201英语一,,301数学一,,857自动控制原理,,20260818_002109_27考研择校宝典_录取数据表_0815.xlsx
2026,中国科学院沈阳自动化研究所,081104,模式识别与智能系统,147 沈阳自动化研究所,1,0,0,,,,,,201英语一,,301数学一,,857自动控制原理,,,,,,201英语一,,301数学一,,857自动控制原理,,20260818_002109_27考研择校宝典_录取数据表_0815.xlsx
2026,中国科学院沈阳自动化研究所,085406,控制工程,147 沈阳自动化研究所,17,88,62,1.42,435.0,269.0,343.97,57.0,204英语二,71.5,302数学二,109.52,857自动控制原理,105.94,435.0,297.0,361.9,,204英语二,,302数学二,,857自动控制原理,,20260818_002109_27考研择校宝典_录取数据表_0815.xlsx
2026,广州大学,085406,控制工程,007 机械与电气工程学院,25,41,25,1.64,418.0,344.0,370.1,69.4,204英语二,72.6,302数学二,104.5,864自动控制原理,123.6,418.0,348.0,377.7,,204英语二,,302数学二,,864自动控制原理,,20260818_002109_27考研择校宝典_录取数据表_0815.xlsx
2026,天津工业大学,081100,控制科学与工程,009 控制科学与工程学院,25,28,28,1.0,377.0,267.0,316.5,63.3,201英语一,55.3,301数学一,90.8,811自动控制原理,107.0,377.0,267.0,316.5,,201英语一,,301数学一,,811自动控制原理,,20260818_002109_27考研择校宝典_录取数据表_0815.xlsx
2026,天津工业大学,085400,电子信息01控制工程,009 控制科学与工程学院,86,105,86,1.22,433.0,351.0,378.0,63.5,204英语二,71.5,302数学二,116.8,811自动控制原理,126.2,433.0,351.0,382.3,,204英语二,,302数学二,,811自动控制原理,,20260818_002109_27考研择校宝典_录取数据表_0815.xlsx
2026,天津科技大学,081100,控制科学与工程,002 电子信息与自动化学院,13,0,0,,,,,,201英语一,,301数学一,,819自动控制理论,,,,,,201英语一,,301数学一,,819自动控制理论,,20260818_002109_27考研择校宝典_录取数据表_0815.xlsx
2026,天津科技大学,085400,电子信息01控制工程,002 电子信息与自动化学院,34,29,26,1.12,376.0,264.0,314.86,60.93,204英语二,62.07,302数学二,91.83,819自动控制理论,100.0,376.0,264.0,316.81,,204英语二,,302数学二,,819自动控制理论,,20260818_002109_27考研择校宝典_录取数据表_0815.xlsx
2026,深圳大学,081100,控制科学与工程,109 机电与控制工程学院,4,6,4,1.5,388.0,345.0,372.5,70.5,201英语一,68.0,301数学一,108.5,901自动控制原理,132.8,388.0,366.0,379.8,,201英语一,,301数学一,,901自动控制原理,,20260818_002109_27考研择校宝典_录取数据表_0815.xlsx
2026,深圳大学,085406,控制工程,109 机电与控制工程学院,21,32,21,1.52,409.0,371.0,387.8,71.8,201英语一,70.1,301数学一,117.1,901自动控制原理,128.8,409.0,373.0,393.5,,201英语一,,301数学一,,901自动控制原理,,20260818_002109_27考研择校宝典_录取数据表_0815.xlsx
2026,广东工业大学,081100,控制科学与工程,004 自动化学院,80,129,90,1.43,407.0,283.0,330.4,,201英语一,,301数学一,,810自控原理,,407.0,294.0,338.5,68.3,201英语一,57.9,301数学一,93.2,810自控原理,110.9,20260818_002109_27考研择校宝典_录取数据表_0815.xlsx
2026,广东工业大学,0811J1,低空技术与工程,004 自动化学院,30,6,6,1.0,,,,,201英语一,,301数学一,,810自控原理,,,,,,201英语一,,301数学一,,810自控原理,,20260818_002109_27考研择校宝典_录取数据表_0815.xlsx
2026,广东工业大学,085406,控制工程,004 自动化学院,110,149,111,1.4,430.0,234.0,390.0,,204英语二,,302数学二,,810自控原理,,430.0,234.0,390.0,70.4,204英语二,77.9,302数学二,122.5,810自控原理,118.7,20260818_002109_27考研择校宝典_录取数据表_0815.xlsx
2026,杭州电子科技大学,081100,控制科学与工程,040 自动化学院,97,134,99,1.35,403.0,266.0,329.0,70.5,(201)英语一,57.1,301数学一,108.5,861自动控制原理,116.0,403.0,289.0,344.8,,(201)英语一,,301数学一,,861自动控制原理,,20260818_002109_27考研择校宝典_录取数据表_0815.xlsx
2026,杭州电子科技大学,085406,控制工程,040 自动化学院,237,285,234,1.22,402.0,275.0,326.15,63.5,(201)英语一,61.9,301数学一,107.0,861自动控制原理,125.6,402.0,275.0,331.94,,(201)英语一,,301数学一,,861自动控制原理,,20260818_002109_27考研择校宝典_录取数据表_0815.xlsx
2026,杭州电子科技大学,085410,人工智能,040 自动化学院,49,30,30,1.0,403.0,267.0,314.0,60.0,(201)英语一,56.3,301数学一,83.8,861自动控制原理,112.3,403.0,267.0,314.0,,(201)英语一,,301数学一,,861自动控制原理,,20260818_002109_27考研择校宝典_录取数据表_0815.xlsx
2026,杭州电子科技大学,140500,智能科学与技术,040 自动化学院,45,16,16,1.0,392.0,270.0,333.6,63.4,201英语一,58.9,301数学一,95.6,861自动控制原理,115.6,392.0,270.0,333.6,,201英语一,,301数学一,,861自动控制原理,,20260818_002109_27考研择校宝典_录取数据表_0815.xlsx
2026,杭州电子科技大学,085406,控制工程,162 杭电圣光机智能系统和机器人研究中心,40,32,31,1.0,379.0,266.0,317.7,63.4,(201)英语一,58.9,301数学一,95.6,861自动控制原理,115.6,379.0,266.0,318.6,,(201)英语一,,301数学一,,861自动控制原理,,20260818_002109_27考研择校宝典_录取数据表_0815.xlsx
2026,浙江工业大学,081100,控制科学与工程,003 信息工程学院,104,118,106,1.2,431.0,265.0,311.0,62.1,(201)英语一,56.5,301数学一,95.7,828自动控制理论,96.7,431.0,265.0,313.6,,(201)英语一,,301数学一,,828自动控制理论,,20260818_002109_27考研择校宝典_录取数据表_0815.xlsx
2026,浙江工业大学,085406,控制工程,003 信息工程学院,255,205,196,1.15,417.0,264.0,313.4,63.0,(201)英语一,58.8,301数学一,96.4,829微机原理及应用,95.2,417.0,264.0,314.8,,(201)英语一,,301数学一,,829微机原理及应用,,20260818_002109_27考研择校宝典_录取数据表_0815.xlsx
2026,燕山大学,080400,仪器科学与技术,003 电气工程学院,67,10,10,1.0,353.0,265.0,298.6,56.0,201英语一,53.0,301数学一,83.0,805自动控制原理B,107.0,353.0,265.0,298.6,,201英语一,,301数学一,,805自动控制原理B,,20260818_002109_27考研择校宝典_录取数据表_0815.xlsx
2026,燕山大学,085407,仪器仪表工程,003 电气工程学院,94,12,11,1.09,334.0,266.0,290.3,57.0,201英语一,57.0,301数学一,73.0,805自动控制原理B,103.0,334.0,266.0,290.3,,201英语一,,301数学一,,805自动控制原理B,,20260818_002109_27考研择校宝典_录取数据表_0815.xlsx
2026,燕山大学,080800,电气工程,003 电气工程学院,53,23,23,1.0,377.0,271.0,308.5,58.0,201英语一,55.0,301数学一,94.0,806自动控制原理B、直流调速,103.0,377.0,271.0,308.5,,201英语一,,301数学一,,806自动控制原理B、直流调速,,20260818_002109_27考研择校宝典_录取数据表_0815.xlsx
2026,燕山大学,085801,电气工程,003 电气工程学院,91,25,25,1.0,349.0,267.0,301.0,57.36,201英语一,56.84,301数学一,86.88,806自动控制原理B、直流调速,99.92,349.0,267.0,301.0,,201英语一,,301数学一,,806自动控制原理B、直流调速,,20260818_002109_27考研择校宝典_录取数据表_0815.xlsx
2026,燕山大学,081100,控制科学与工程,003 电气工程学院,111,45,45,1.0,368.0,266.0,302.0,57.0,201英语一,56.0,301数学一,93.0,830自动控制原理A、直流拖动控制系统,95.0,368.0,266.0,302.0,,201英语一,,301数学一,,830自动控制原理A、直流拖动控制系统,,20260818_002109_27考研择校宝典_录取数据表_0815.xlsx
2026,燕山大学,085406,控制工程,003 电气工程学院,108,48,48,1.0,353.0,265.0,297.0,57.0,201英语一,59.0,301数学一,89.0,830自动控制原理A、直流拖动控制系统,92.0,353.0,265.0,297.0,,201英语一,,301数学一,,830自动控制原理A、直流拖动控制系统,,20260818_002109_27考研择校宝典_录取数据表_0815.xlsx
2026,燕山大学,085410,人工智能,003 电气工程学院,38,3,3,1.0,283.0,264.0,273.0,53.0,201英语一,53.0,301数学一,70.0,832自动控制原理A、模式识别,98.0,283.0,264.0,273.0,,201英语一,,301数学一,,832自动控制原理A、模式识别,,20260818_002109_27考研择校宝典_录取数据表_0815.xlsx
2026,燕山大学,080202,机械电子工程,001 机械工程学院,76,11,11,1.0,317.0,268.0,289.8,54.0,201英语一,54.72,301数学一,102.45,802控制工程基础,78.63,317.0,268.0,289.8,,201英语一,,301数学一,,802控制工程基础,,20260818_002109_27考研择校宝典_录取数据表_0815.xlsx
2026,燕山大学,0802Z2,流体传动与控制,001 机械工程学院,5,0,0,,,,,,201英语一,,301数学一,,802控制工程基础,,,,,,201英语一,,301数学一,,802控制工程基础,,20260818_002109_27考研择校宝典_录取数据表_0815.xlsx
2026,河北大学,081100,控制科学与工程,018 电子信息工程学院,33,2,2,1.0,292.0,270.0,281.0,51.5,201英语一,52.5,301数学一,72.5,887自动控制理论,104.5,292.0,270.0,281.0,,201英语一,,301数学一,,887自动控制理论,,20260818_002109_27考研择校宝典_录取数据表_0815.xlsx
2026,河北大学,085406,控制工程,018 电子信息工程学院,63,75,70,1.07,376.0,265.0,313.4,54.6,204英语二,67.3,302数学二,95.3,887自动控制理论,96.2,376.0,269.0,316.0,,204英语二,,302数学二,,887自动控制理论,,20260818_002109_27考研择校宝典_录取数据表_0815.xlsx
2026,河北科技大学,081100,控制科学与工程,002 电气工程学院,20,1,1,1.0,284.0,284.0,284.0,,201英语一,,301数学一,,829自动控制原理（含经典控制理论、现代控制理论）,,284.0,284.0,284.0,,201英语一,,301数学一,,829自动控制原理（含经典控制理论、现代控制理论）,,20260818_002109_27考研择校宝典_录取数据表_0815.xlsx
2026,河北科技大学,085406,控制工程,002 电气工程学院,63,49,48,1.02,394.0,265.0,312.0,55.41,201英语一,65.34,301数学一,99.02,829自动控制原理（含经典控制理论、现代控制理论）,107.12,394.0,265.0,313.0,,201英语一,,301数学一,,829自动控制原理（含经典控制理论、现代控制理论）,,20260818_002109_27考研择校宝典_录取数据表_0815.xlsx
2026,中北大学,081100,控制科学与工程,015 电气与控制工程学院,29,10,9,1.06,355.0,268.0,311.6,57.8,201英语一,52.0,301数学一,82.4,827自动控制原理,119.4,355.0,286.0,316.4,,201英语一,,301数学一,,827自动控制原理,,20260818_002109_27考研择校宝典_录取数据表_0815.xlsx
2026,中北大学,085406,控制工程,015 电气与控制工程学院,34,45,37,1.2,379.0,303.0,342.4,55.6,204英语二,61.7,302数学二,102.3,827自动控制原理,122.8,379.0,306.0,347.3,,204英语二,,302数学二,,827自动控制原理,,20260818_002109_27考研择校宝典_录取数据表_0815.xlsx
2026,中北大学,086101,轨道交通运输,015 电气与控制工程学院,9,9,6,1.23,379.0,268.0,306.7,54.0,204英语二,53.0,302数学二,82.2,827自动控制原理,117.4,379.0,290.0,324.3,,204英语二,,302数学二,,827自动控制原理,,20260818_002109_27考研择校宝典_录取数据表_0815.xlsx
2026,中北大学,085801,电气工程,015 电气与控制工程学院,11,17,14,1.18,384.0,300.0,339.3,56.3,204英语二,61.6,302数学二,100.4,827自动控制原理,121.1,384.0,315.0,344.5,,204英语二,,302数学二,,827自动控制原理,,20260818_002109_27考研择校宝典_录取数据表_0815.xlsx
2026,西安理工大学,081100,控制科学与工程,103 自动化与信息工程学院,67,,73,,,,,,201英语一,,301数学一,,822控制理论(经典控制理论70% ；现代控制30%),,377.0,282.0,329.9,,201英语一,,301数学一,,822控制理论(经典控制理论70% ；现代控制30%),,20260818_002109_27考研择校宝典_录取数据表_0815.xlsx
2026,西安理工大学,085406,控制工程,103 自动化与信息工程学院,66,,34,,,,,,201英语一,,301数学一,,822控制理论(经典控制理论70% ；现代控制30%),,379.0,247.0,318.55,,201英语一,,301数学一,,822控制理论(经典控制理论70% ；现代控制30%),,20260818_002109_27考研择校宝典_录取数据表_0815.xlsx
2026,西安理工大学,082804,农业电气化与自动化,104 水利水电学院,2,,0,,,,,,201英语一,,302数学二,,822控制理论(经典控制理论70% ；现代控制30%),,,,,,201英语一,,302数学二,,822控制理论(经典控制理论70% ；现代控制30%),,20260818_002109_27考研择校宝典_录取数据表_0815.xlsx
2026,空军工程大学,081100,控制科学与工程,001 航空工程学院,5,1,1,1.0,,,,,201英语一,,301数学一,,803控制工程基础,,,,,,201英语一,,301数学一,,803控制工程基础,,20260818_002109_27考研择校宝典_录取数据表_0815.xlsx
2026,空军工程大学,085400,电子信息,001 航空工程学院,5,0,0,,,,,,204英语二,,302数学二,,803控制工程基础,,,,,,204英语二,,302数学二,,803控制工程基础,,20260818_002109_27考研择校宝典_录取数据表_0815.xlsx
2026,空军工程大学,082500,航空宇航科学与技术,001 航空工程学院,19,1,1,1.0,,,,,201英语一,,301数学一,,806航空控制工程,,,,,,201英语一,,301数学一,,806航空控制工程,,20260818_002109_27考研择校宝典_录取数据表_0815.xlsx
2026,空军工程大学,085400,电子信息,005 装备管理与无人机工程学院,4,1,1,1.0,,,,,204英语二,,302数学二,,881自动控制原理,,,,,,204英语二,,302数学二,,881自动控制原理,,20260818_002109_27考研择校宝典_录取数据表_0815.xlsx
2026,空军工程大学,082500,航空宇航科学与技术,005 装备管理与无人机工程学院,7,0,0,,,,,,201英语一,,301数学一,,881自动控制原理,,,,,,201英语一,,301数学一,,881自动控制原理,,20260818_002109_27考研择校宝典_录取数据表_0815.xlsx
2026,西安邮电大学,081100,控制科学与工程,004 人工智能学院、自动化学院,16,,19,,,,,,201英语一,,301数学一,,828自动控制原理,,372.0,293.0,321.2,,201英语一,,301数学一,,828自动控制原理,,20260818_002109_27考研择校宝典_录取数据表_0815.xlsx
2026,西安邮电大学,080400,仪器科学与技术,004 人工智能学院、自动化学院,9,,2,,,,,,201英语一,,301数学一,,828自动控制原理,,328.0,321.0,314.0,,201英语一,,301数学一,,828自动控制原理,,20260818_002109_27考研择校宝典_录取数据表_0815.xlsx
2026,西安邮电大学,085406,控制工程,004 人工智能学院、自动化学院,43,,56,,,,,,204英语二,,302数学二,,828自动控制原理,,430.0,338.0,374.1,,204英语二,,302数学二,,828自动控制原理,,20260818_002109_27考研择校宝典_录取数据表_0815.xlsx
2026,西安邮电大学,085510,机器人工程,004 人工智能学院、自动化学院,12,,10,,,,,,204英语二,,302数学二,,828自动控制原理,,393.0,311.0,340.9,,204英语二,,302数学二,,828自动控制原理,,20260818_002109_27考研择校宝典_录取数据表_0815.xlsx
2026,西安科技大学,081100,控制科学与工程,006 电气与控制工程学院,19,4,3,1.33,347.0,265.0,294.0,62.2,201英语一,51.0,301数学一,83.0,818自动控制原理,98.0,347.0,265.0,294.0,,201英语一,,301数学一,,818自动控制原理,,20260818_002109_27考研择校宝典_录取数据表_0815.xlsx
2026,西安科技大学,085406,控制工程,006 电气与控制工程学院,54,93,62,1.5,380.0,262.0,312.6,59.3,204英语二,59.6,302数学二,94.1,818自动控制原理,99.7,380.0,262.0,322.1,,204英语二,,302数学二,,818自动控制原理,,20260818_002109_27考研择校宝典_录取数据表_0815.xlsx
2026,西安科技大学,0811J3,低空技术与工程,006 电气与控制工程学院,10,0,0,,,,,,201英语一,,301数学一,,818自动控制原理,,,,,,201英语一,,301数学一,,818自动控制原理,,20260818_002109_27考研择校宝典_录取数据表_0815.xlsx
2026,西安建筑科技大学,081100,控制科学与工程,010 信息与控制工程学院,53,27,27,1.0,381.0,267.0,312.7,59.3,201英语一,51.8,301数学一,80.7,836自动控制原理（含现代控制理论）,120.9,381.0,267.0,312.7,,201英语一,,301数学一,,836自动控制原理（含现代控制理论）,,20260818_002109_27考研择校宝典_录取数据表_0815.xlsx
2026,西安建筑科技大学,0811Z1,智能建筑,010 信息与控制工程学院,5,0,0,1.11,345.0,278.0,316.2,59.4,201英语一,60.0,301数学一,89.4,836自动控制原理（含现代控制理论）,127.5,345.0,278.0,316.2,,201英语一,,301数学一,,836自动控制原理（含现代控制理论）,,20260818_002109_27考研择校宝典_录取数据表_0815.xlsx
2026,西安建筑科技大学,085801,电气工程,011机电工程学院,46,51,46,1.11,,,,,204英语二,,302数学二,,874自动控制原理,,,,,,204英语二,,302数学二,,874自动控制原理,,20260818_002109_27考研择校宝典_录取数据表_0815.xlsx
2026,西安建筑科技大学,0811Z1,智能建筑,015建筑设备科学与工程学院,28,9,9,1.0,,,,,201英语一,,301数学一,,836自动控制原理（含现代控制理论）,,,,,,201英语一,,301数学一,,836自动控制原理（含现代控制理论）,,20260818_002109_27考研择校宝典_录取数据表_0815.xlsx
2026,西安工程大学,081100,控制科学与工程 01/04方向,004 电子信息学院,9,,2,,,,,,201英语一,,301数学一,,813自动控制原理,,328.0,268.0,298.0,,201英语一,,301数学一,,813自动控制原理,,20260818_002109_27考研择校宝典_录取数据表_0815.xlsx
2026,西安工程大学,085400,电子信息01/03方向,004 电子信息学院,11,,25,,,,,,204英语二,,302数学二,,813自动控制原理,,382.0,264.0,318.6,,204英语二,,302数学二,,813自动控制原理,,20260818_002109_27考研择校宝典_录取数据表_0815.xlsx
2026,青岛大学,085406,控制工程,024 自动化学院,84,126,120,1.05,384.0,283.0,324.3,,204英语二,,302数学二,,825自动控制理论,,384.0,283.0,325.8,,204英语二,,302数学二,,825自动控制理论,,20260818_002109_27考研择校宝典_录取数据表_0815.xlsx
2026,青岛大学,081100,控制科学与工程,024 自动化学院,22,19,19,1.0,349.0,265.0,299.1,,201英语一,,301数学一,,825自动控制理论,,349.0,265.0,299.1,,201英语一,,301数学一,,825自动控制理论,,20260818_002109_27考研择校宝典_录取数据表_0815.xlsx
2026,青岛科技大学,081100,控制科学与工程,004 自动化学院,25,11,11,1.0,354.0,281.0,304.5,,201英语一或242德语或243法语,,301数学一,,816控制原理,,354.0,281.0,304.5,,201英语一或242德语或243法语,,301数学一,,816控制原理,,20260818_002109_27考研择校宝典_录取数据表_0815.xlsx
2026,青岛科技大学,085406,控制工程,004 自动化学院,50,82,82,1.0,396.0,264.0,321.7,,204英语(二)或242德语或243法语,,302数学(二),,816控制原理,,396.0,264.0,321.7,,204英语(二)或242德语或243法语,,302数学(二),,816控制原理,,20260818_002109_27考研择校宝典_录取数据表_0815.xlsx
2026,重庆邮电大学,081100,控制科学与工程,004 自动化学院,86,114,83,1.37,396.0,266.0,325.2,65.5,201英语一,56.0,301数学一,90.9,805自动控制原理,112.8,396.0,275.0,335.0,,201英语一,,301数学一,,805自动控制原理,,20260818_002109_27考研择校宝典_录取数据表_0815.xlsx
2026,重庆邮电大学,085406,控制工程,004 自动化学院,170,296,216,1.37,420.0,330.0,362.8,66.1,204英语二,70.5,302数学二,109.6,805自动控制原理,116.6,420.0,330.0,368.5,,204英语二,,302数学二,,805自动控制原理,,20260818_002109_27考研择校宝典_录取数据表_0815.xlsx
2026,重庆邮电大学,086102,道路交通运输,004 自动化学院,10,22,13,1.69,395.0,282.0,321.8,63.2,204英语二,66.1,302数学二,86.2,805自动控制原理,106.3,395.0,285.0,332.7,,204英语二,,302数学二,,805自动控制原理,,20260818_002109_27考研择校宝典_录取数据表_0815.xlsx
2026,重庆邮电大学,081100,控制科学与工程,017 重庆邮电大学远东联邦大学联合学院,20,,,,,,,,201英语一,,301数学一,,805自动控制原理,,,,,,201英语一,,301数学一,,805自动控制原理,,20260818_002109_27考研择校宝典_录取数据表_0815.xlsx
2026,桂林电子科技大学,081100,控制科学与工程,008 电子工程与自动化学院,25,8,8,1.0,352.0,284.0,323.4,57.4,201英语一,55.2,301数学一,85.0,808自动控制原理,125.1,352.0,284.0,323.4,,201英语一,,301数学一,,808自动控制原理,,20260818_002109_27考研择校宝典_录取数据表_0815.xlsx
2026,广西科技大学,081100,控制科学与工程,002 自动化学院,21,1,1,1.0,,,,,201英语一,,301数学一,,803自动控制原理,,,,,,201英语一,,301数学一,,803自动控制原理,,20260818_002109_27考研择校宝典_录取数据表_0815.xlsx
2026,广西科技大学,085406,控制工程,002 自动化学院,36,37,36,1.03,382.0,257.0,309.62,53.59,204英语二,60.03,302数学二,75.38,803自动控制原理,120.81,382.0,257.0,310.83,,204英语二,,302数学二,,803自动控制原理,,20260818_002109_27考研择校宝典_录取数据表_0815.xlsx
2026,广西科技大学,085510,机器人工程,002 自动化学院,10,6,6,1.0,326.0,274.0,308.33,54.67,204英语二,50.17,302数学二,81.33,803自动控制原理,122.17,326.0,274.0,308.33,,204英语二,,302数学二,,803自动控制原理,,20260818_002109_27考研择校宝典_录取数据表_0815.xlsx
2026,山西大学,081100,控制科学与工程,024 自动化与软件学院,17,11,11,1.0,367.0,284.0,318.6,53.7,201英语一,50.2,301数学一,86.9,865自动控制原理,127.8,367.0,284.0,318.6,,201英语一,,301数学一,,865自动控制原理,,20260818_002109_27考研择校宝典_录取数据表_0815.xlsx
2026,山西大学,0811Z1,低空智能控制工程,024 自动化与软件学院,8,,,,,,,,201英语一,,301数学一,,865自动控制原理,,,,,,201英语一,,301数学一,,865自动控制原理,,20260818_002109_27考研择校宝典_录取数据表_0815.xlsx
2026,山西大学,085406,控制工程,024 自动化与软件学院,52,98,79,1.24,416.0,328.0,364.1,56.5,204英语二,66.1,302数学二,106.4,865自动控制原理,135.1,416.0,328.0,368.7,,204英语二,,302数学二,,865自动控制原理,,20260818_002109_27考研择校宝典_录取数据表_0815.xlsx
2026,太原科技大学,081100,控制科学与工程,015 电子信息工程学院,30,1,1,1.0,296.0,296.0,296.0,,201英语一,,301数学一,,825自动控制理论,,296.0,296.0,296.0,,201英语一,,301数学一,,825自动控制理论,,20260818_002109_27考研择校宝典_录取数据表_0815.xlsx
2026,太原科技大学,085406,控制工程,015 电子信息工程学院,42,35,33,1.06,380.0,265.0,322.7,,204英语二,,302数学二,,825自动控制理论,,380.0,272.0,324.7,,204英语二,,302数学二,,825自动控制理论,,20260818_002109_27考研择校宝典_录取数据表_0815.xlsx
2026,兰州理工大学,081100,控制科学与工程,003 自动化与电气工程学院,40,8,8,1.0,368.0,264.0,313.6,69.4,201英语一,54.2,301数学一,84.5,835自动控制原理,105.5,368.0,264.0,313.6,,201英语一,,301数学一,,835自动控制原理,,20260818_002109_27考研择校宝典_录取数据表_0815.xlsx
2026,兰州理工大学,085406,控制工程,003 自动化与电气工程学院,80,127,108,1.21,399.0,270.0,321.8,64.2,204英语二,62.6,302数学二,88.6,835自动控制原理,106.3,399.0,270.0,330.1,,204英语二,,302数学二,,835自动控制原理,,20260818_002109_27考研择校宝典_录取数据表_0815.xlsx
2026,湖北工业大学,081100,控制科学与工程,002 电气与电子工程学院,20,6,5,1.2,324.0,267.0,306.83,55.0,201英语一,51.5,301数学一,97.3,811自动控制理论,103.0,321.0,267.0,303.4,,201英语一,,301数学一,,811自动控制理论,,20260818_002109_27考研择校宝典_录取数据表_0815.xlsx
2026,湖北工业大学,085406,控制工程,002 电气与电子工程学院,24,31,24,1.29,396.0,264.0,328.35,56.1,204英语二,62.9,302数学二,100.4,811自动控制理论,108.9,396.0,276.0,340.8,,204英语二,,302数学二,,811自动控制理论,,20260818_002109_27考研择校宝典_录取数据表_0815.xlsx
2026,湖北工业大学,080400,仪器科学与技术,001 机械工程学院,17,4,4,1.0,321.0,296.0,313.5,58.5,201英语一,56.75,301数学一,81.5,803控制工程基础,116.75,321.0,296.0,313.5,,201英语一,,301数学一,,803控制工程基础,,20260818_002109_27考研择校宝典_录取数据表_0815.xlsx
2026,湖北工业大学,085407,仪器仪表工程,001 机械工程学院,34,26,26,1.0,403.0,267.0,334.81,55.54,204英语二,58.27,302数学二,95.31,803控制工程基础,125.69,403.0,267.0,334.81,,204英语二,,302数学二,,803控制工程基础,,20260818_002109_27考研择校宝典_录取数据表_0815.xlsx
2026,北京建筑大学,081100,控制科学与工程,004 智能科学与技术学院,17,7,7,1.0,341.0,273.0,306.0,53.6,201英语一,53.9,301数学一,72.7,832自动控制原理,125.9,341.0,273.0,306.0,,201英语一,,301数学一,,832自动控制原理,,20260818_002109_27考研择校宝典_录取数据表_0815.xlsx
2026,北京建筑大学,081100,控制工程,004 智能科学与技术学院,27,26,26,1.0,386.0,276.0,323.4,52.8,204英语二,61.3,302数学二,86.5,832自动控制原理,122.9,386.0,276.0,323.4,,204英语二,,302数学二,,832自动控制原理,,20260818_002109_27考研择校宝典_录取数据表_0815.xlsx
2026,北方工业大学,081100,控制科学与工程,001 电气与控制工程学院（无人机学院）,36,6,6,1.0,343.0,267.0,305.5,56.8,201英语一,55.5,301数学一,75.3,851自动控制原理,117.8,343.0,267.0,305.5,,201英语一,,301数学一,,851自动控制原理,,20260818_002109_27考研择校宝典_录取数据表_0815.xlsx
2026,北方工业大学,080800,电气工程,001 电气与控制工程学院（无人机学院）,21,1,1,1.0,,,,,201英语一,,301数学一,,851自动控制原理,,,,,,201英语一,,301数学一,,851自动控制原理,,20260818_002109_27考研择校宝典_录取数据表_0815.xlsx
2026,北方工业大学,085406,控制工程,001 电气与控制工程学院（无人机学院）,59,86,76,1.13,394.0,265.0,318.0,53.7,204英语二,63.7,302数学二,88.0,851自动控制原理,112.6,394.0,269.0,322.6,,204英语二,,302数学二,,851自动控制原理,,20260818_002109_27考研择校宝典_录取数据表_0815.xlsx
2026,北方工业大学,085801,电气工程,001 电气与控制工程学院（无人机学院）,46,58,54,1.07,397.0,265.0,319.7,52.4,204英语二,61.6,302数学二,92.2,851自动控制原理,113.5,397.0,265.0,319.3,,204英语二,,302数学二,,851自动控制原理,,20260818_002109_27考研择校宝典_录取数据表_0815.xlsx
2026,内蒙古工业大学,081100,控制科学与工程,013 电力学院,14,3,2,1.5,325.0,278.0,298.7,61.3,201英语一,46.7,301数学一,83.0,827自动控制原理,107.7,325.0,278.0,301.5,,201英语一,,301数学一,,827自动控制原理,,20260818_002109_27考研择校宝典_录取数据表_0815.xlsx
2026,内蒙古工业大学,085406,控制工程,013 电力学院,27,29,28,1.04,365.0,266.0,301.2,60.3,204英语二,53.8,302数学二,82.8,827自动控制原理,104.3,365.0,266.0,302.2,,204英语二,,302数学二,,827自动控制原理,,20260818_002109_27考研择校宝典_录取数据表_0815.xlsx
2026,湘潭大学,081100,控制科学与工程,049 自动化与电子信息学院,21,5,5,1.0,304.0,264.0,281.4,61.4,201英语一,50.0,301数学一,86.2,837 自动控制原理,83.8,304.0,264.0,281.4,,201英语一,,301数学一,,837 自动控制原理,,20260818_002109_27考研择校宝典_录取数据表_0815.xlsx
2026,浙江理工大学,081100,控制科学与工程,007 信息科学与工程学院（网络空间安全学院）,11,11,11,1.0,346.0,287.0,314.8,61.63,201英语一,60.18,301数学一,84.9,851自动控制理论,108.09,346.0,287.0,314.8,,201英语一,,301数学一,,851自动控制理论,,20260818_002109_27考研择校宝典_录取数据表_0815.xlsx
2026,浙江理工大学,085406,控制工程,007 信息科学与工程学院（网络空间安全学院）,50,81,67,1.21,414.0,313.0,365.5,63.04,204英语二,69.53,302数学二,113.61,851自动控制理论,119.34,414.0,313.0,367.1,,204英语二,,302数学二,,851自动控制理论,,20260818_002109_27考研择校宝典_录取数据表_0815.xlsx
2026,上海理工大学,081100,控制科学与工程,002 光电信息与计算机工程学院,30,35,35,1.0,388.0,264.0,311.3,58.1,201英语一,24.1,301数学一,84.5,867自动控制原理综合,114.6,388.0,264.0,311.3,,201英语一,,301数学一,,867自动控制原理综合,,20260818_002109_27考研择校宝典_录取数据表_0815.xlsx
2026,上海理工大学,0811J1,低空技术与工程,002 光电信息与计算机工程学院,30,10,10,1.0,,,,,201英语一,,301数学一,,867自动控制原理综合,,,,,,201英语一,,301数学一,,867自动控制原理综合,,20260818_002109_27考研择校宝典_录取数据表_0815.xlsx
2026,上海理工大学,085406,控制工程,002 光电信息与计算机工程学院,94,145,117,1.2,430.0,277.0,355.0,58.6,204英语二,72.2,302数学二,107.3,867自动控制原理综合,117.1,430.0,294.0,362.8,,204英语二,,302数学二,,867自动控制原理综合,,20260818_002109_27考研择校宝典_录取数据表_0815.xlsx
2026,陕西科技大学,081100,控制科学与工程,006 电气与控制工程学院,17,5,5,1.0,348.0,283.0,312.2,59.0,201英语一,51.0,301数学一,92.2,807自动控制原理,110.0,348.0,283.0,312.2,,201英语一,,301数学一,,807自动控制原理,,20260818_002109_27考研择校宝典_录取数据表_0815.xlsx
2026,陕西科技大学,085400,电子信息(11) 控制工程,006 电气与控制工程学院,47,70,53,1.32,404.0,276.0,329.8,59.8,204英语二,64.5,302数学二,96.4,807自动控制原理,109.1,404.0,285.0,340.6,,204英语二,,302数学二,,807自动控制原理,,20260818_002109_27考研择校宝典_录取数据表_0815.xlsx
2026,陕西科技大学,080800,电气工程,006 电气与控制工程学院,12,5,5,1.0,338.0,265.0,303.6,59.8,201英语一,44.6,301数学一,83.2,807自动控制原理,116.0,338.0,265.0,303.6,,201英语一,,301数学一,,807自动控制原理,,20260818_002109_27考研择校宝典_录取数据表_0815.xlsx
2026,陕西科技大学,085801,电气工程,006 电气与控制工程学院,22,35,28,1.25,430.0,272.0,341.3,61.8,204英语二,67.0,302数学二,101.1,807自动控制原理,111.4,430.0,281.0,349.6,,204英语二,,302数学二,,807自动控制原理,,20260818_002109_27考研择校宝典_录取数据表_0815.xlsx
2026,西安工业大学,081102,检测技术与自动化装置,004 电子信息工程学院,9,1,1,1.0,303.0,303.0,303.0,,201英语一,,301数学一,,810自动控制理论,,,,,,201英语一,,301数学一,,810自动控制理论,,20260818_002109_27考研择校宝典_录取数据表_0815.xlsx
2026,西安工业大学,081101,控制理论与控制工程,004 电子信息工程学院,22,,11,,,,,60.0,201英语一,50.73,301数学一,77.91,810自动控制理论,118.27,345.0,266.0,306.91,,201英语一,,301数学一,,810自动控制理论,,20260818_002109_27考研择校宝典_录取数据表_0815.xlsx
2026,西安工业大学,085400,电子信息01智能控制与自主系统,004 电子信息工程学院,50,,50,,,,,59.38,204英语二,58.0,302数学二,87.5,810自动控制理论,119.7,374.0,279.0,324.58,,204英语二,,302数学二,,810自动控制理论,,20260818_002109_27考研择校宝典_录取数据表_0815.xlsx
2026,西安工业大学,081105,导航、制导与控制,004 电子信息工程学院,6,0,0,,,,,,201英语一,,301数学一,,810自动控制理论,,,,,,201英语一,,301数学一,,810自动控制理论,,20260818_002109_27考研择校宝典_录取数据表_0815.xlsx
2026,西安工业大学,0811J2,低空技术与工程,004 电子信息工程学院,2,0,0,,,,,,201英语一,,301数学一,,810自动控制理论,,,,,,201英语一,,301数学一,,810自动控制理论,,20260818_002109_27考研择校宝典_录取数据表_0815.xlsx
2026,西安工业大学,081101,控制理论与控制工程,018 交叉创新研究院,2,0,0,,,,,,201英语一,,301数学一,,810自动控制理论,,,,,,201英语一,,301数学一,,810自动控制理论,,20260818_002109_27考研择校宝典_录取数据表_0815.xlsx
2026,西安工业大学,081103,系统工程,018 交叉创新研究院,2,0,0,,,,,,201英语一,,301数学一,,810自动控制理论,,,,,,201英语一,,301数学一,,810自动控制理论,,20260818_002109_27考研择校宝典_录取数据表_0815.xlsx
2026,武汉科技大学,081100,控制科学与工程,004 人工智能与自动化学院,29,24,21,1.14,383.0,279.0,333.2,57.2,201英语一,61.2,301数学一,92.7,814自动控制原理,122.7,383.0,279.0,335.9,,201英语一,,301数学一,,814自动控制原理,,20260818_002109_27考研择校宝典_录取数据表_0815.xlsx
2026,武汉科技大学,085400,电子信息02 人工智能与控制工程,004 人工智能与自动化学院,75,105,83,1.27,414.0,302.0,350.5,56.9,204英语二,67.6,302数学二,106.4,814自动控制原理,119.7,414.0,302.0,357.3,,204英语二,,302数学二,,814自动控制原理,,20260818_002109_27考研择校宝典_录取数据表_0815.xlsx
2026,北京信息科技大学,081100,控制科学与工程,003 自动化学院,27,9,9,1.0,374.0,279.0,325.4,59.7,201英语一,58.2,301数学一,101.0,803自动控制原理,106.6,374.0,279.0,325.4,,201英语一,,301数学一,,803自动控制原理,,20260818_002109_27考研择校宝典_录取数据表_0815.xlsx
2026,北京信息科技大学,085406,控制工程,003 自动化学院,95,170,114,1.5,412.0,287.0,332.7,61.9,204英语二,62.0,302数学二,104.6,803自动控制原理,104.3,412.0,287.0,342.5,,204英语二,,302数学二,,803自动控制原理,,20260818_002109_27考研择校宝典_录取数据表_0815.xlsx
2026,北京信息科技大学,085410,人工智能,003 自动化学院,19,8,8,1.0,398.0,267.0,340.0,64.6,204英语二,63.2,302数学二,106.5,803自动控制原理,105.8,398.0,267.0,340.0,,204英语二,,302数学二,,803自动控制原理,,20260818_002109_27考研择校宝典_录取数据表_0815.xlsx
2026,北京信息科技大学,0811J1,低空技术与工程,003 自动化学院,8,0,8,,,,,,201英语一,,301数学一,,803自动控制原理,,,,,,201英语一,,301数学一,,803自动控制原理,,20260818_002109_27考研择校宝典_录取数据表_0815.xlsx
2026,北京信息科技大学,140500,智能科学与技术,003 自动化学院,4,0,4,,,,,,201英语一,,301数学一,,803自动控制原理,,,,,,201英语一,,301数学一,,803自动控制原理,,20260818_002109_27考研择校宝典_录取数据表_0815.xlsx
2026,江苏科技大学,081100,控制科学与工程,004 自动化学院,16,4,4,1.0,346.0,298.0,330.0,64.0,201英语一,61.0,301数学一,9402.0,808自动控制原理,110.8,346.0,298.0,330.0,,201英语一,,301数学一,,808自动控制原理,,20260818_002109_27考研择校宝典_录取数据表_0815.xlsx
2026,江苏科技大学,085406,控制工程,004 自动化学院,49,95,57,1.4,417.0,298.0,336.7,59.0,204英语二,56.0,302数学二,80.0,808自动控制原理,128.0,417.0,321.0,351.1,,204英语二,,302数学二,,808自动控制原理,,20260818_002109_27考研择校宝典_录取数据表_0815.xlsx
2026,江苏科技大学,0811J2,低空技术与工程,004 自动化学院,4,0,0,,,,,,201英语一,,301数学一,,808自动控制原理,,,,,,201英语一,,301数学一,,808自动控制原理,,20260818_002109_27考研择校宝典_录取数据表_0815.xlsx
2026,江苏科技大学,085407,仪器仪表工程,004 自动化学院,14,4,4,1.0,,,,,204英语二,,302数学二,,808自动控制原理,,,,,,204英语二,,302数学二,,808自动控制原理,,20260818_002109_27考研择校宝典_录取数据表_0815.xlsx
2026,南京信息工程大学,081100,控制科学与工程,009 自动化学院,27,29,27,1.07,361.0,265.0,304.6,,201英语一,,301数学一,,817自动控制原理,,361.0,265.0,306.0,,201英语一,,301数学一,,817自动控制原理,,20260818_002109_27考研择校宝典_录取数据表_0815.xlsx
2026,南京信息工程大学,085406,控制工程,009 自动化学院,99,150,115,1.3,431.0,349.0,373.4,,204英语二,,302数学二,,817自动控制原理,,431.0,349.0,377.0,,204英语二,,302数学二,,817自动控制原理,,20260818_002109_27考研择校宝典_录取数据表_0815.xlsx
2026,南京信息工程大学,085510,机器人工程,009 自动化学院,9,14,12,1.17,412.0,332.0,356.6,,204英语二,,302数学二,,817自动控制原理,,412.0,336.0,360.2,63.9,204英语二,69.6,302数学二,118.7,817自动控制原理,104.4,20260818_002109_27考研择校宝典_录取数据表_0815.xlsx
2026,南京信息工程大学,085406,控制工程,034 南信大无锡研究生联合培养基地,30,45,29,1.55,393.0,298.0,339.2,,204英语二,,302数学二,,817自动控制原理,,393.0,307.0,349.3,60.0,204英语二,70.8,302数学二,108.1,817自动控制原理,100.4,20260818_002109_27考研择校宝典_录取数据表_0815.xlsx
2026,南京信息工程大学,085510,机器人工程,034 南信大无锡研究生联合培养基地,10,16,10,1.6,408.0,277.0,319.9,,204英语二,,302数学二,,817自动控制原理,,408.0,277.0,337.3,60.0,204英语二,70.8,302数学二,108.1,817自动控制原理,100.4,20260818_002109_27考研择校宝典_录取数据表_0815.xlsx
2026,南京信息工程大学,085400,电子信息（沃特福德学院-中外合作办学）,009 自动化学院,15,9,9,1.0,370.0,287.0,326.2,,204英语二,,302数学二,,817自动控制原理,,370.0,287.0,326.2,60.0,204英语二,70.6,302数学二,103.0,817自动控制原理,92.6,20260818_002109_27考研择校宝典_录取数据表_0815.xlsx
2026,安徽工程大学,081100,控制科学与工程,003 电气工程学院,23,11,11,1.0,366.0,267.0,300.4,62.2,201英语一,52.8,301数学一,72.1,811自动控制原理,113.3,366.0,267.0,300.4,,201英语一,,301数学一,,811自动控制原理,,20260818_002109_27考研择校宝典_录取数据表_0815.xlsx
2026,安徽工程大学,085406,控制工程,003 电气工程学院,25,37,30,1.23,393.0,244.0,355.9,61.1,204英语二,68.4,302数学二,104.3,811自动控制原理,122.1,387.0,244.0,355.5,,204英语二,,302数学二,,811自动控制原理,,20260818_002109_27考研择校宝典_录取数据表_0815.xlsx
2026,安徽工程大学,085406,控制工程,017 卓越工程师学院（奇瑞学院）,4,4,4,1.0,325.0,290.0,313.8,58.5,204英语二,53.2,302数学二,89.0,811自动控制原理,113.0,325.0,290.0,313.8,,204英语二,,302数学二,,811自动控制原理,,20260818_002109_27考研择校宝典_录取数据表_0815.xlsx
2026,安徽工程大学,0802J1,人工智能,016 人工智能学院,4,3,3,1.0,343.0,296.0,318.3,60.0,204英语二,48.7,302数学二,74.3,836控制工程基础,135.3,343.0,296.0,318.3,,204英语二,,302数学二,,836控制工程基础,,20260818_002109_27考研择校宝典_录取数据表_0815.xlsx
2026,安徽工程大学,0802J7,仿生与人形机器人,016 人工智能学院,3,0,0,,,,,,201英语一,,301数学一,,836控制工程基础,,,,,,201英语一,,301数学一,,836控制工程基础,,20260818_002109_27考研择校宝典_录取数据表_0815.xlsx
2026,安徽工程大学,085410,人工智能,016 人工智能学院,15,3,3,1.0,396.0,320.0,359.3,61.3,204英语二,72.0,302数学二,91.3,836控制工程基础,134.7,396.0,320.0,359.3,,204英语二,,302数学二,,836控制工程基础,,20260818_002109_27考研择校宝典_录取数据表_0815.xlsx
2026,安徽工程大学,085510,机器人工程,016 人工智能学院,26,31,31,1.0,408.0,276.0,330.7,58.8,204英语二,61.5,302数学二,83.0,836控制工程基础,127.4,408.0,276.0,330.7,,204英语二,,302数学二,,836控制工程基础,,20260818_002109_27考研择校宝典_录取数据表_0815.xlsx
2026,长沙理工大学,081100,控制科学与工程,023 人工智能学院,38,13,13,1.0,335.0,296.0,310.5,,201英语一,,301数学一,,825自动控制理论（含现代控制理论）,,335.0,296.0,310.5,,201英语一,,301数学一,,825自动控制理论（含现代控制理论）,,20260818_002109_27考研择校宝典_录取数据表_0815.xlsx
2026,长沙理工大学,085406,控制工程,023 人工智能学院,54,54,41,1.37,372.0,292.0,335.9,64.1,204英语二,68.1,302数学二,103.2,825自动控制理论（含现代控制理论）,100.5,372.0,301.0,343.0,,204英语二,,302数学二,,825自动控制理论（含现代控制理论）,,20260818_002109_27考研择校宝典_录取数据表_0815.xlsx
2026,南京邮电大学,080400,仪器科学与技术,005 自动化学院,12,10,6,1.6,354.0,272.0,305.0,60.8,201英语一,55.7,301数学一,78.1,812自动控制原理,111.0,354.0,272.0,297.0,,201英语一,,301数学一,,812自动控制原理,,20260818_002109_27考研择校宝典_录取数据表_0815.xlsx
2026,南京邮电大学,080800,电气工程,005 自动化学院,8,11,11,1.0,356.0,272.0,309.0,62.3,201英语一,53.6,301数学一,82.7,812自动控制原理,111.1,356.0,272.0,309.0,,201英语一,,301数学一,,812自动控制原理,,20260818_002109_27考研择校宝典_录取数据表_0815.xlsx
2026,南京邮电大学,081100,控制科学与工程,005 自动化学院,23,62,46,1.35,410.0,281.0,328.0,60.9,201英语一,59.4,301数学一,92.1,812自动控制原理,115.9,410.0,294.0,340.0,,201英语一,,301数学一,,812自动控制原理,,20260818_002109_27考研择校宝典_录取数据表_0815.xlsx
2026,南京邮电大学,085400,电子信息,005 自动化学院,95,188,117,1.6,435.0,363.0,385.0,63.0,204英语二,77.3,302数学二,123.6,812自动控制原理,122.0,435.0,365.0,393.0,,204英语二,,302数学二,,812自动控制原理,,20260818_002109_27考研择校宝典_录取数据表_0815.xlsx
2026,南京邮电大学,085801,电气工程,005 自动化学院,32,79,47,1.68,427.0,330.0,369.0,61.3,204英语二,74.2,302数学二,116.0,812自动控制原理,118.0,427.0,340.0,384.0,,204英语二,,302数学二,,812自动控制原理,,20260818_002109_27考研择校宝典_录取数据表_0815.xlsx
2026,扬州大学,081100,控制科学与工程,013 信息与人工智能学院（工业软件学院）,7,4,4,1.0,354.0,278.0,311.5,56.5,201英语一,63.8,301数学一,85.5,832自动控制原理,105.8,354.0,278.0,311.5,,201英语一,,301数学一,,832自动控制原理,,20260818_002109_27考研择校宝典_录取数据表_0815.xlsx
2026,扬州大学,085406,控制工程,013 信息与人工智能学院（工业软件学院）,13,21,15,1.4,423.0,353.0,378.4,60.0,204英语二,73.4,302数学二,111.3,832自动控制原理,133.7,423.0,369.0,386.3,,204英语二,,302数学二,,832自动控制原理,,20260818_002109_27考研择校宝典_录取数据表_0815.xlsx
2026,南通大学,081100,控制科学与工程,612 电气与自动化学院,11,15,15,1.0,359.0,273.0,319.9,60.9,201英语一,55.7,301数学一,75.8,820自动控制理论(含经典与现代部分),127.4,359.0,273.0,319.9,,201英语一,,301数学一,,820自动控制理论(含经典与现代部分),,20260818_002109_27考研择校宝典_录取数据表_0815.xlsx
2026,南通大学,0811J2,低空技术与工程,612 电气与自动化学院,5,0,0,,,,,,201英语一,,301数学一,,820自动控制理论(含经典与现代部分),,,,,,201英语一,,301数学一,,820自动控制理论(含经典与现代部分),,20260818_002109_27考研择校宝典_录取数据表_0815.xlsx
2026,湖南科技大学,081100,控制科学与工程,004 信息与电气工程学院（ 人工智能学院）,18,8,8,1.0,,,,,201英语一,,301数学一,,822自动控制原理,,,,,,201英语一,,301数学一,,822自动控制原理,,20260818_002109_27考研择校宝典_录取数据表_0815.xlsx
2026,湖南科技大学,085406,控制工程,004 信息与电气工程学院（ 人工智能学院）,19,38,33,1.15,,,,,204英语二,,302数学二,,822自动控制原理,,,,,,204英语二,,302数学二,,822自动控制原理,,20260818_002109_27考研择校宝典_录取数据表_0815.xlsx
2026,湖南科技大学,085410,人工智能,004 信息与电气工程学院（ 人工智能学院）,10,1,0,,,,,,204英语二,,302数学二,,822自动控制原理,,,,,,204英语二,,302数学二,,822自动控制原理,,20260818_002109_27考研择校宝典_录取数据表_0815.xlsx
2026,湖南科技大学,0802J1,低空技术与工程,004 信息与电气工程学院（ 人工智能学院）,18,0,0,,,,,,201英语一,,301数学一,,822自动控制原理,,,,,,201英语一,,301数学一,,822自动控制原理,,20260818_002109_27考研择校宝典_录取数据表_0815.xlsx
2026,华东交通大学,081100,控制科学与工程,003 电气与自动化工程学院,44,30,30,1.0,364.0,271.0,303.5,64.8,201英语一,57.5,301数学一,86.8,811 自动控制理论,95.2,364.0,271.0,303.5,,201英语一,,301数学一,,811 自动控制理论,,20260818_002109_27考研择校宝典_录取数据表_0815.xlsx
2026,华东交通大学,085406,控制工程,003 电气与自动化工程学院,56,75,57,1.2,388.0,268.0,320.6,61.9,204英语二,61.5,302数学二,89.5,811 自动控制理论,90.2,388.0,284.0,326.3,,204英语二,,302数学二,,811 自动控制理论,,20260818_002109_27考研择校宝典_录取数据表_0815.xlsx
2026,南京工业大学,081100,控制科学与工程,006 电气工程与控制科学学院,28,28,21,1.33,387.0,267.0,311.8,60.7,201英语一,57.0,301数学一,80.0,820自动控制原理,114.0,387.0,280.0,318.5,,201英语一,,301数学一,,820自动控制原理,,20260818_002109_27考研择校宝典_录取数据表_0815.xlsx
2026,南京工业大学,085400,电子信息（01、02、03方向）,006 电气工程与控制科学学院,57,80,66,1.21,424.0,360.0,385.2,62.0,204英语二,76.0,302数学二,117.0,820自动控制原理,126.0,424.0,364.0,389.1,,204英语二,,302数学二,,820自动控制原理,,20260818_002109_27考研择校宝典_录取数据表_0815.xlsx
2026,南京工业大学,085400,电子信息（04方向（中法联培专项））,006 电气工程与控制科学学院,,2,2,1.0,,,,,204英语二,76.0,302数学二,117.0,820自动控制原理,,,,,,204英语二,,302数学二,,820自动控制原理,,20260818_002109_27考研择校宝典_录取数据表_0815.xlsx
2026,南京工业大学,085500,机械 01/02方向,006 电气工程与控制科学学院,4,11,8,1.375,390.0,271.0,342.0,60.0,204英语二,71.0,302数学二,101.0,820自动控制原理,109.0,390.0,315.0,348.75,,204英语二,,302数学二,,820自动控制原理,,20260818_002109_27考研择校宝典_录取数据表_0815.xlsx
2026,华北理工大学,081100,控制科学与工程,007 电气工程学院,10,0,0,,,,,,201英语一,,301数学一,,821自动控制原理,,,,,,201英语一,,301数学一,,821自动控制原理,,20260818_002109_27考研择校宝典_录取数据表_0815.xlsx
2026,华北理工大学,080400,仪器科学与技术,007 电气工程学院,13,1,1,1.0,,,,,201英语一,,301数学一,,821自动控制原理,,,,,,201英语一,,301数学一,,821自动控制原理,,20260818_002109_27考研择校宝典_录取数据表_0815.xlsx
2026,华北理工大学,085406,控制工程,007 电气工程学院,45,61,50,1.22,408.0,282.0,323.8,54.4,204英语二,59.9,302数学二,87.8,821自动控制原理,121.7,408.0,285.0,331.3,,204英语二,,302数学二,,821自动控制原理,,20260818_002109_27考研择校宝典_录取数据表_0815.xlsx
2026,华北理工大学,085407,仪器仪表工程,007 电气工程学院,10,6,6,1.0,329.0,265.0,301.3,51.2,204英语二,56.8,302数学二,74.7,821自动控制原理,118.7,329.0,265.0,301.3,,204英语二,,302数学二,,821自动控制原理,,20260818_002109_27考研择校宝典_录取数据表_0815.xlsx
2026,江汉大学,085400,电子信息（03、04、05方向）,007 智能制造学院,23,47,37,1.27,390.0,266.0,317.85,56.1,204英语二,62.7,302数学二,86.8,807 自动控制原理,112.2,390.0,269.0,322.16,,204英语二,,302数学二,,807 自动控制原理,,20260818_002109_27考研择校宝典_录取数据表_0815.xlsx
2026,江汉大学,085400,电子信息(01) 新一代电子信息技术,001 光电材料与技术学院,12,5,5,1.0,361.0,315.0,329.8,58.2,204英语二,57.6,302数学二,92.0,807 自动控制原理,122.0,361.0,315.0,329.8,,204英语二,,302数学二,,807 自动控制原理,,20260818_002109_27考研择校宝典_录取数据表_0815.xlsx
2026,济南大学,081100,控制科学与工程,712 自动化与电气工程学院,21,6,5,1.2,354.0,288.0,319.8,51.7,201英语一,54.0,301数学一,84.7,841自动控制原理,129.5,354.0,288.0,325.6,,201英语一,,301数学一,,841自动控制原理,,20260818_002109_27考研择校宝典_录取数据表_0815.xlsx
2026,济南大学,085406,控制工程,712 自动化与电气工程学院,65,91,73,1.25,410.0,315.0,354.6,52.3,204英语二,66.3,302数学二,100.9,841自动控制原理,135.2,410.0,320.0,360.8,,204英语二,,302数学二,,841自动控制原理,,20260818_002109_27考研择校宝典_录取数据表_0815.xlsx
2026,济南大学,085406,控制工程,101 卓越工程师学院,5,1,1,1.0,330.0,330.0,330.0,43.0,204英语二,63.0,302数学二,82.0,841自动控制原理,142.0,330.0,330.0,330.0,,204英语二,,302数学二,,841自动控制原理,,20260818_002109_27考研择校宝典_录取数据表_0815.xlsx
2026,河南大学,081100,控制科学与工程,039 人工智能学院,18,13,13,1.0,356.0,264.0,300.7,67.3,201英语一,58.5,301数学一,88.1,849自动控制理论,86.8,356.0,264.0,300.7,,201英语一,,301数学一,,849自动控制理论,,20260818_002109_27考研择校宝典_录取数据表_0815.xlsx
2026,河南大学,085406,控制工程,039 人工智能学院,17,49,48,1.02,411.0,270.0,330.5,64.0,204英语二,67.7,302数学二,99.4,884自动控制理论、信号与系统,99.3,411.0,270.0,330.2,,204英语二,,302数学二,,884自动控制理论、信号与系统,,20260818_002109_27考研择校宝典_录取数据表_0815.xlsx
2026,河南科技大学,081100,控制科学与工程,004 信息工程学院,25,20,20,1.0,371.0,291.0,330.8,66.0,201英语一,49.3,301数学一,43.5,823自动控制原理,126.0,371.0,291.0,330.8,,201英语一,,301数学一,,823自动控制原理,,20260818_002109_27考研择校宝典_录取数据表_0815.xlsx
2026,河南科技大学,085406,控制工程,004 信息工程学院,43,56,43,1.33,441.0,289.0,375.2,,204英语二,,302数学二,,823自动控制原理,,441.0,340.0,382.4,,204英语二,,302数学二,,823自动控制原理,,20260818_002109_27考研择校宝典_录取数据表_0815.xlsx
2026,河南科技大学,085410,人工智能,004 信息工程学院,3,3,3,1.0,400.0,334.0,371.0,,204英语二,,302数学二,,823自动控制原理,,400.0,334.0,371.0,,204英语二,,302数学二,,823自动控制原理,,20260818_002109_27考研择校宝典_录取数据表_0815.xlsx
2026,哈尔滨理工大学,081100,控制科学与工程,005 自动化学院,54,,19,,,,,,201英语一,,301数学一,,810自动控制原理,,416.0,274.0,320.9,,201英语一,,301数学一,,810自动控制原理,,20260818_002109_27考研择校宝典_录取数据表_0815.xlsx
2026,哈尔滨理工大学,085406,控制工程,005 自动化学院,115,,108,,,,,,204英语二,,302数学二,,810自动控制原理,,415.0,264.0,329.6,,204英语二,,302数学二,,810自动控制原理,,20260818_002109_27考研择校宝典_录取数据表_0815.xlsx
2026,东北电力大学,081100,控制科学与工程,007 自动化工程学院,50,32,32,1.0,365.0,270.0,321.3,,201英语一,,301数学一,,841自动控制原理,,365.0,270.0,321.3,,201英语一,,301数学一,,841自动控制原理,,20260818_002109_27考研择校宝典_录取数据表_0815.xlsx
2026,东北电力大学,085406,控制工程,007 自动化工程学院,90,131,106,1.24,420.0,313.0,357.6,66.7,204英语二,68.1,302数学二,107.2,841自动控制原理,127.0,420.0,313.0,361.1,,204英语二,,302数学二,,841自动控制原理,,20260818_002109_27考研择校宝典_录取数据表_0815.xlsx
2026,黑龙江大学,081100,控制科学与工程,020 电子工程学院,12,4,4,1.0,,,,69.5,201英语一或 202 俄语,43.0,301数学一,88.0,830自动控制原理,119.5,371.0,289.0,320.0,,201英语一或 202 俄语,,301数学一,,830自动控制原理,,20260818_002109_27考研择校宝典_录取数据表_0815.xlsx
2026,黑龙江大学,085406,控制工程,020 电子工程学院,12,23,15,1.53,,,,68.48,202俄语 或 204英语二,61.96,302数学二,88.43,890自控原理,119.39,391.0,319.0,352.87,,202俄语 或 204英语二,,302数学二,,890自控原理,,20260818_002109_27考研择校宝典_录取数据表_0815.xlsx
2026,大连交通大学,081100,控制科学与工程,006 自动化与电气工程学院,38,4,4,1.0,320.0,282.0,298.2,61.0,201英语一,48.8,301数学一,75.2,807自动控制原理,113.2,320.0,282.0,298.2,,201英语一,,301数学一,,807自动控制原理,,20260818_002109_27考研择校宝典_录取数据表_0815.xlsx
2026,大连交通大学,082302,交通信息工程及控制,006 自动化与电气工程学院,11,0,0,,,,,,201英语一,,301数学一,,807自动控制原理,,,,,,201英语一,,301数学一,,807自动控制原理,,20260818_002109_27考研择校宝典_录取数据表_0815.xlsx
2026,大连交通大学,085400,电子信息,006 自动化与电气工程学院,52,66,56,1.18,402.0,264.0,326.6,62.2,204英语二,65.0,302数学二,89.4,807自动控制原理,110.0,402.0,278.0,334.1,,204英语二,,302数学二,,807自动控制原理,,20260818_002109_27考研择校宝典_录取数据表_0815.xlsx
2026,辽宁工业大学,081100,控制科学与工程,006 电气工程学院,30,3,3,1.0,,,,,201英语一,,301数学一,,810自动控制理论,,323.0,269.0,300.7,,201英语一,,301数学一,,810自动控制理论,,20260818_002109_27考研择校宝典_录取数据表_0815.xlsx
2026,辽宁工业大学,085406,控制工程,006 电气工程学院,50,31,31,1.0,423.0,271.0,323.4,61.2,204英语二,60.8,302数学二,84.7,810自动控制理论,116.6,423.0,271.0,323.4,,204英语二,,302数学二,,810自动控制理论,,20260818_002109_27考研择校宝典_录取数据表_0815.xlsx
2026,辽宁工业大学,0811J1,人工智能,012 交叉科学学院,2,1,1,1.0,360.0,360.0,360.0,,201英语一或202俄语或203日语,,301数学一,,810自动控制理论,,360.0,360.0,360.0,,201英语一或202俄语或203日语,,301数学一,,810自动控制理论,,20260818_002109_27考研择校宝典_录取数据表_0815.xlsx
2026,辽宁石油化工大学,081100,控制科学与工程,004 信息与控制工程学院,28,0,0,,,,,,201英语一,,301数学一,,841自动控制原理,,,,,,201英语一,,301数学一,,841自动控制原理,,20260818_002109_27考研择校宝典_录取数据表_0815.xlsx
2026,辽宁石油化工大学,085406,控制工程,004 信息与控制工程学院,50,40,39,1.0,375.0,265.0,314.3,61.88,204英语二,61.95,302数学二,81.65,841自动控制原理,108.83,,,314.79,,204英语二,,302数学二,,841自动控制原理,,20260818_002109_27考研择校宝典_录取数据表_0815.xlsx
2026,辽宁石油化工大学,0811Z1,机器人科学与工程,004 信息与控制工程学院,5,0,0,,,,,,201英语一,,301数学一,,841自动控制原理,,,,,,201英语一,,301数学一,,841自动控制原理,,20260818_002109_27考研择校宝典_录取数据表_0815.xlsx
2026,长春工业大学,081100,控制科学与工程,003 电气与电子工程学院,24,7,7,1.0,361.0,276.0,307.0,64.7,201英语一,51.3,301数学一,81.3,806自动控制原理,110.4,361.0,276.0,307.0,,201英语一,,301数学一,,806自动控制原理,,20260818_002109_27考研择校宝典_录取数据表_0815.xlsx
2026,长春工业大学,085406,控制工程,003 电气与电子工程学院,47,45,45,1.0,380.0,273.0,314.5,64.8,204英语二,56.9,302数学二,85.2,806自动控制原理,107.7,380.0,273.0,314.5,,204英语二,,302数学二,,806自动控制原理,,20260818_002109_27考研择校宝典_录取数据表_0815.xlsx
2026,沈阳工业大学,081100,控制科学与工程,007 人工智能学院,29,15,13,1.15,326.0,264.0,298.4,,201英语一,,301数学一,,827自动控制原理,,326.0,264.0,297.9,,201英语一,,301数学一,,827自动控制原理,,20260818_002109_27考研择校宝典_录取数据表_0815.xlsx
2026,沈阳工业大学,085406,控制工程,007 人工智能学院,62,78,65,1.2,414.0,302.0,335.4,,204英语二,,302数学二,,827自动控制原理,,414.0,304.0,339.5,,204英语二,,302数学二,,827自动控制原理,,20260818_002109_27考研择校宝典_录取数据表_0815.xlsx
2026,沈阳工业大学,085406,控制工程,018 化工过程自动化学院,30,5,5,1.0,367.0,264.0,312.8,,204英语二,,302数学二,,827自动控制原理,,367.0,264.0,312.8,,204英语二,,302数学二,,827自动控制原理,,20260818_002109_27考研择校宝典_录取数据表_0815.xlsx
2026,沈阳航空航天大学,081100,控制科学与工程,007 自动化学院,17,,10,,,,,,201英语一,,301数学一,,809自动控制原理,,335.0,266.0,302.3,,201英语一,,301数学一,,809自动控制原理,,20260818_002109_27考研择校宝典_录取数据表_0815.xlsx
2026,沈阳航空航天大学,085400,电子信息 (01) 控制工程,007 自动化学院,65,,70,,,,,,204英语二,,302数学二,,809自动控制原理,,402.0,289.0,344.1,,204英语二,,302数学二,,809自动控制原理,,20260818_002109_27考研择校宝典_录取数据表_0815.xlsx
2026,沈阳理工大学,081100,控制科学与工程,012 自动化与电气工程学院,46,2,2,1.0,315.0,277.0,296.0,62.5,201英语一或202俄语,63.0,301数学一,83.5,811自动控制原理,87.0,315.0,277.0,296.0,,201英语一或202俄语,,301数学一,,811自动控制原理,,20260818_002109_27考研择校宝典_录取数据表_0815.xlsx
2026,沈阳理工大学,085406,控制工程,012 自动化与电气工程学院,96,135,110,1.23,384.0,265.0,307.6,62.6,204英语二或202俄语,62.4,302数学二,93.0,811自动控制原理,102.1,384.0,269.0,313.4,,204英语二或202俄语,,302数学二,,811自动控制原理,,20260818_002109_27考研择校宝典_录取数据表_0815.xlsx
2026,内蒙古科技大学,081100,控制科学与工程,014 自动化与电气工程学院,25,2,2,1.0,,,,,201英语一,,301数学一,,809自动控制原理,,,,,,201英语一,,301数学一,,809自动控制原理,,20260818_002109_27考研择校宝典_录取数据表_0815.xlsx
2026,内蒙古科技大学,085406,控制工程,014 自动化与电气工程学院,39,26,25,1.04,344.0,257.0,301.2,59.7,204英语二,54.4,302数学二,86.6,809自动控制原理,100.9,344.0,257.0,302.9,,204英语二,,302数学二,,809自动控制原理,,20260818_002109_27考研择校宝典_录取数据表_0815.xlsx
2026,湖州师范学院,085406,控制工程,009 工学院,43,24,24,1.0,393.0,270.0,321.6,58.1,204英语二,58.3,302数学二,89.8,882自动控制理论,120.8,393.0,270.0,321.6,,204英语二,,302数学二,,882自动控制理论,,20260818_002109_27考研择校宝典_录取数据表_0815.xlsx
2026,四川轻化工大学,085406,控制工程,004 自动化与信息工程学院,42,36,35,1.03,406.0,275.0,339.8,55.9,204英语二,62.6,302数学二,90.9,809自动控制原理,130.3,406.0,275.0,340.9,,204英语二,,302数学二,,809自动控制原理,,20260818_002109_27考研择校宝典_录取数据表_0815.xlsx
2026,中国民航大学,0837J1,航空器适航审定工程 03 机载系统与设备适航审定,001 安全科学与工程学院,9,5,5,1.0,,,,,201英语一,,301数学一,,801 自动控制原理,,,,,,201英语一,,301数学一,,801 自动控制原理,,20260818_002109_27考研择校宝典_录取数据表_0815.xlsx
2026,中国民航大学,086104,航空交通运输 08 机载系统和设备适航技术,001 安全科学与工程学院,14,16,16,1.0,,,,,204英语二,,302数学二,,801 自动控制原理,,,,,,204英语二,,302数学二,,801 自动控制原理,,20260818_002109_27考研择校宝典_录取数据表_0815.xlsx
2026,中国民航大学,082300,交通运输工程 06 智能网联交通控制工程,002 交通科学与工程学院,3,1,1,1.0,,,,,201英语一,,301数学一,,801 自动控制原理,,,,,,201英语一,,301数学一,,801 自动控制原理,,20260818_002109_27考研择校宝典_录取数据表_0815.xlsx
2026,中国民航大学,086104,航空交通运输 04 通用航空运行管理与技术,002 交通科学与工程学院,19,7,7,1.0,,,,,204英语二,,302数学二,,801 自动控制原理,,,,,,204英语二,,302数学二,,801 自动控制原理,,20260818_002109_27考研择校宝典_录取数据表_0815.xlsx
2026,中国民航大学,0823Z1,低空安全技术与工程,002 交通科学与工程学院,4,0,0,,,,,,201英语一,,301数学一,,801 自动控制原理,,,,,,201英语一,,301数学一,,801 自动控制原理,,20260818_002109_27考研择校宝典_录取数据表_0815.xlsx
2026,中国民航大学,081100,"控制科学与工程
00 不区分研究方向",006 电子信息与自动化学院,47,10,9,1.11,,,,,201英语一,,301数学一,,801 自动控制原理,,,,,,201英语一,,301数学一,,801 自动控制原理,,20260818_002109_27考研择校宝典_录取数据表_0815.xlsx
2026,中国民航大学,085406,"控制工程
00 不区分研究方向",006 电子信息与自动化学院,70,63,48,1.31,,,,,204英语二,,302数学二,,801 自动控制原理,,,,,,204英语二,,302数学二,,801 自动控制原理,,20260818_002109_27考研择校宝典_录取数据表_0815.xlsx
2026,渤海大学,081100,控制科学与工程,008控制科学与工程学院,40,1,1,1.0,,,,,201英语一,,301数学一,,832自动控制原理,,,,,,201英语一,,301数学一,,832自动控制原理,,20260818_002109_27考研择校宝典_录取数据表_0815.xlsx
